--
-- PostgreSQL database dump
--

-- Dumped from database version 9.5.11
-- Dumped by pg_dump version 9.5.11

SET statement_timeout = 0;
SET lock_timeout = 0;
SET client_encoding = 'UTF8';
SET standard_conforming_strings = on;
SET check_function_bodies = false;
SET client_min_messages = warning;
SET row_security = off;

--
-- Name: ip-configurator_development; Type: DATABASE; Schema: -; Owner: postgres
--

CREATE DATABASE "ip-configurator_development" WITH TEMPLATE = template0 ENCODING = 'UTF8' LC_COLLATE = 'it_IT.UTF-8' LC_CTYPE = 'it_IT.UTF-8';


ALTER DATABASE "ip-configurator_development" OWNER TO postgres;

\connect -reuse-previous=on "dbname='ip-configurator_development'"

SET statement_timeout = 0;
SET lock_timeout = 0;
SET client_encoding = 'UTF8';
SET standard_conforming_strings = on;
SET check_function_bodies = false;
SET client_min_messages = warning;
SET row_security = off;

--
-- Name: plpgsql; Type: EXTENSION; Schema: -; Owner: 
--

CREATE EXTENSION IF NOT EXISTS plpgsql WITH SCHEMA pg_catalog;


--
-- Name: EXTENSION plpgsql; Type: COMMENT; Schema: -; Owner: 
--

COMMENT ON EXTENSION plpgsql IS 'PL/pgSQL procedural language';


SET search_path = public, pg_catalog;

SET default_tablespace = '';

SET default_with_oids = false;

--
-- Name: address; Type: TABLE; Schema: public; Owner: postgres
--

CREATE TABLE address (
    id integer NOT NULL,
    created_at timestamp without time zone NOT NULL,
    ip text NOT NULL,
    updated_at timestamp without time zone,
    network_id bigint NOT NULL,
    reserved boolean NOT NULL,
    value integer NOT NULL,
    ip_old bytea,
    lock_version integer DEFAULT 0 NOT NULL,
    ip_address character varying(255)
);


ALTER TABLE address OWNER TO postgres;

--
-- Name: address_id_seq; Type: SEQUENCE; Schema: public; Owner: postgres
--

CREATE SEQUENCE address_id_seq
    START WITH 1
    INCREMENT BY 1
    NO MINVALUE
    NO MAXVALUE
    CACHE 1;


ALTER TABLE address_id_seq OWNER TO postgres;

--
-- Name: address_id_seq; Type: SEQUENCE OWNED BY; Schema: public; Owner: postgres
--

ALTER SEQUENCE address_id_seq OWNED BY address.id;


--
-- Name: assigned_address; Type: TABLE; Schema: public; Owner: postgres
--

CREATE TABLE assigned_address (
    id integer NOT NULL,
    address_id bigint NOT NULL,
    created_at timestamp without time zone NOT NULL,
    description character varying(255),
    enabled boolean NOT NULL,
    hardware_id bigint NOT NULL,
    hostname character varying(255),
    updated_at timestamp without time zone,
    location_port_id bigint,
    mac character varying(255) NOT NULL,
    operator_id bigint NOT NULL,
    lock_version integer DEFAULT 0 NOT NULL,
    last_seen_date timestamp without time zone
);


ALTER TABLE assigned_address OWNER TO postgres;

--
-- Name: assigned_address_id_seq; Type: SEQUENCE; Schema: public; Owner: postgres
--

CREATE SEQUENCE assigned_address_id_seq
    START WITH 1
    INCREMENT BY 1
    NO MINVALUE
    NO MAXVALUE
    CACHE 1;


ALTER TABLE assigned_address_id_seq OWNER TO postgres;

--
-- Name: assigned_address_id_seq; Type: SEQUENCE OWNED BY; Schema: public; Owner: postgres
--

ALTER SEQUENCE assigned_address_id_seq OWNED BY assigned_address.id;


--
-- Name: collector; Type: TABLE; Schema: public; Owner: postgres
--

CREATE TABLE collector (
    id integer NOT NULL,
    created_at timestamp without time zone NOT NULL,
    description text NOT NULL,
    updated_at timestamp without time zone,
    location_id bigint NOT NULL,
    management_address character varying(255),
    name character varying(255) NOT NULL,
    lock_version integer DEFAULT 0 NOT NULL
);


ALTER TABLE collector OWNER TO postgres;

--
-- Name: collector_id_seq; Type: SEQUENCE; Schema: public; Owner: postgres
--

CREATE SEQUENCE collector_id_seq
    START WITH 1
    INCREMENT BY 1
    NO MINVALUE
    NO MAXVALUE
    CACHE 1;


ALTER TABLE collector_id_seq OWNER TO postgres;

--
-- Name: collector_id_seq; Type: SEQUENCE OWNED BY; Schema: public; Owner: postgres
--

ALTER SEQUENCE collector_id_seq OWNED BY collector.id;


--
-- Name: collector_port; Type: TABLE; Schema: public; Owner: postgres
--

CREATE TABLE collector_port (
    id integer NOT NULL,
    collector_id bigint NOT NULL,
    created_at timestamp without time zone NOT NULL,
    updated_at timestamp without time zone,
    value integer NOT NULL,
    lock_version integer DEFAULT 0 NOT NULL
);


ALTER TABLE collector_port OWNER TO postgres;

--
-- Name: collector_port_id_seq; Type: SEQUENCE; Schema: public; Owner: postgres
--

CREATE SEQUENCE collector_port_id_seq
    START WITH 1
    INCREMENT BY 1
    NO MINVALUE
    NO MAXVALUE
    CACHE 1;


ALTER TABLE collector_port_id_seq OWNER TO postgres;

--
-- Name: collector_port_id_seq; Type: SEQUENCE OWNED BY; Schema: public; Owner: postgres
--

ALTER SEQUENCE collector_port_id_seq OWNED BY collector_port.id;


--
-- Name: hardware; Type: TABLE; Schema: public; Owner: postgres
--

CREATE TABLE hardware (
    id integer NOT NULL,
    created_at timestamp without time zone NOT NULL,
    updated_at timestamp without time zone,
    name character varying(255) NOT NULL,
    lock_version integer DEFAULT 0 NOT NULL
);


ALTER TABLE hardware OWNER TO postgres;

--
-- Name: hardware_id_seq; Type: SEQUENCE; Schema: public; Owner: postgres
--

CREATE SEQUENCE hardware_id_seq
    START WITH 1
    INCREMENT BY 1
    NO MINVALUE
    NO MAXVALUE
    CACHE 1;


ALTER TABLE hardware_id_seq OWNER TO postgres;

--
-- Name: hardware_id_seq; Type: SEQUENCE OWNED BY; Schema: public; Owner: postgres
--

ALTER SEQUENCE hardware_id_seq OWNED BY hardware.id;


--
-- Name: location; Type: TABLE; Schema: public; Owner: postgres
--

CREATE TABLE location (
    id integer NOT NULL,
    created_at timestamp without time zone NOT NULL,
    updated_at timestamp without time zone,
    name character varying(255) NOT NULL,
    lock_version integer DEFAULT 0 NOT NULL
);


ALTER TABLE location OWNER TO posgres;

--
-- Name: location_id_seq; Type: SEQUENCE; Schema: public; Owner: postgres
--

CREATE SEQUENCE location_id_seq
    START WITH 1
    INCREMENT BY 1
    NO MINVALUE
    NO MAXVALUE
    CACHE 1;


ALTER TABLE location_id_seq OWNER TO postgres;

--
-- Name: location_id_seq; Type: SEQUENCE OWNED BY; Schema: public; Owner: postgres
--

ALTER SEQUENCE location_id_seq OWNED BY location.id;


--
-- Name: location_port; Type: TABLE; Schema: public; Owner: postgres
--

CREATE TABLE location_port (
    id integer NOT NULL,
    collector_port_id bigint,
    created_at timestamp without time zone NOT NULL,
    updated_at timestamp without time zone,
    location_id bigint NOT NULL,
    name character varying(255) NOT NULL,
    lock_version integer DEFAULT 0 NOT NULL
);


ALTER TABLE location_port OWNER TO postgres;

--
-- Name: location_port_id_seq; Type: SEQUENCE; Schema: public; Owner: postgres
--

CREATE SEQUENCE location_port_id_seq
    START WITH 1
    INCREMENT BY 1
    NO MINVALUE
    NO MAXVALUE
    CACHE 1;


ALTER TABLE location_port_id_seq OWNER TO postgres;

--
-- Name: location_port_id_seq; Type: SEQUENCE OWNED BY; Schema: public; Owner: postgres
--

ALTER SEQUENCE location_port_id_seq OWNED BY location_port.id;


--
-- Name: network; Type: TABLE; Schema: public; Owner: postgres
--

CREATE TABLE network (
    id integer NOT NULL,
    created_at timestamp without time zone NOT NULL,
    dhcp_enabled boolean NOT NULL,
    gateway character varying(255) NOT NULL,
    updated_at timestamp without time zone,
    name character varying(255) NOT NULL,
    netmask character varying(255) NOT NULL,
    server_dns character varying(255) NOT NULL,
    space integer NOT NULL,
    start_address character varying(255) NOT NULL,
    dns_zone character varying(255),
    pxefile character varying(255),
    lock_version integer DEFAULT 0 NOT NULL,
    default_lease_time character varying(255) DEFAULT '43200'::character varying NOT NULL,
    max_lease_time character varying(255) DEFAULT '86400'::character varying NOT NULL,
    netbios_name_servers character varying(255),
    netbios_node_type character varying(255),
    ntp_servers character varying(255)
);


ALTER TABLE network OWNER TO postgres;

--
-- Name: network_id_seq; Type: SEQUENCE; Schema: public; Owner: postgres
--

CREATE SEQUENCE network_id_seq
    START WITH 1
    INCREMENT BY 1
    NO MINVALUE
    NO MAXVALUE
    CACHE 1;


ALTER TABLE network_id_seq OWNER TO postgres;

--
-- Name: network_id_seq; Type: SEQUENCE OWNED BY; Schema: public; Owner: postgres
--

ALTER SEQUENCE network_id_seq OWNED BY network.id;


--
-- Name: operator; Type: TABLE; Schema: public; Owner: postgres
--

CREATE TABLE operator (
    id integer NOT NULL,
    created_at timestamp without time zone NOT NULL,
    updated_at timestamp without time zone,
    name character varying(255) NOT NULL,
    lock_version integer DEFAULT 0 NOT NULL
);


ALTER TABLE operator OWNER TO postgres;

--
-- Name: operator_id_seq; Type: SEQUENCE; Schema: public; Owner: postgres
--

CREATE SEQUENCE operator_id_seq
    START WITH 1
    INCREMENT BY 1
    NO MINVALUE
    NO MAXVALUE
    CACHE 1;


ALTER TABLE operator_id_seq OWNER TO postgres;

--
-- Name: operator_id_seq; Type: SEQUENCE OWNED BY; Schema: public; Owner: postgres
--

ALTER SEQUENCE operator_id_seq OWNED BY operator.id;


--
-- Name: registration_code; Type: TABLE; Schema: public; Owner: postgres
--

CREATE TABLE registration_code (
    id integer NOT NULL,
    created_at timestamp without time zone NOT NULL,
    token character varying(255) NOT NULL,
    username character varying(255) NOT NULL,
    lock_version integer DEFAULT 0 NOT NULL
);


ALTER TABLE registration_code OWNER TO postgres;

--
-- Name: registration_code_id_seq; Type: SEQUENCE; Schema: public; Owner: postgres
--

CREATE SEQUENCE registration_code_id_seq
    START WITH 1
    INCREMENT BY 1
    NO MINVALUE
    NO MAXVALUE
    CACHE 1;


ALTER TABLE registration_code_id_seq OWNER TO postgres;

--
-- Name: registration_code_id_seq; Type: SEQUENCE OWNED BY; Schema: public; Owner: postgres
--

ALTER SEQUENCE registration_code_id_seq OWNED BY registration_code.id;


--
-- Name: roles; Type: TABLE; Schema: public; Owner: postgres
--

CREATE TABLE roles (
    id integer NOT NULL,
    name character varying(255),
    created_at timestamp without time zone,
    updated_at timestamp without time zone
);


ALTER TABLE roles OWNER TO postgres;

--
-- Name: roles_id_seq; Type: SEQUENCE; Schema: public; Owner: postgres
--

CREATE SEQUENCE roles_id_seq
    START WITH 1
    INCREMENT BY 1
    NO MINVALUE
    NO MAXVALUE
    CACHE 1;


ALTER TABLE roles_id_seq OWNER TO postgres;

--
-- Name: roles_id_seq; Type: SEQUENCE OWNED BY; Schema: public; Owner: postgres
--

ALTER SEQUENCE roles_id_seq OWNED BY roles.id;


--
-- Name: roles_users; Type: TABLE; Schema: public; Owner: postgres
--

CREATE TABLE roles_users (
    role_id integer,
    user_id integer
);


ALTER TABLE roles_users OWNER TO postgres;

--
-- Name: schema_migrations; Type: TABLE; Schema: public; Owner: postgres
--

CREATE TABLE schema_migrations (
    version character varying(255) NOT NULL
);


ALTER TABLE schema_migrations OWNER TO postgres;

--
-- Name: users; Type: TABLE; Schema: public; Owner: postgres
--

CREATE TABLE users (
    id integer NOT NULL,
    email character varying(255) DEFAULT ''::character varying NOT NULL,
    encrypted_password character varying(255) DEFAULT ''::character varying NOT NULL,
    reset_password_token character varying(255),
    reset_password_sent_at timestamp without time zone,
    remember_created_at timestamp without time zone,
    sign_in_count integer DEFAULT 0 NOT NULL,
    current_sign_in_at timestamp without time zone,
    last_sign_in_at timestamp without time zone,
    current_sign_in_ip inet,
    last_sign_in_ip inet,
    created_at timestamp without time zone,
    updated_at timestamp without time zone,
    name character varying(255)
);


ALTER TABLE users OWNER TO postgres;

--
-- Name: users_id_seq; Type: SEQUENCE; Schema: public; Owner: postgres
--

CREATE SEQUENCE users_id_seq
    START WITH 1
    INCREMENT BY 1
    NO MINVALUE
    NO MAXVALUE
    CACHE 1;


ALTER TABLE users_id_seq OWNER TO postgres;

--
-- Name: users_id_seq; Type: SEQUENCE OWNED BY; Schema: public; Owner: postgres
--

ALTER SEQUENCE users_id_seq OWNED BY users.id;


--
-- Name: id; Type: DEFAULT; Schema: public; Owner: postgres
--

ALTER TABLE ONLY address ALTER COLUMN id SET DEFAULT nextval('address_id_seq'::regclass);


--
-- Name: id; Type: DEFAULT; Schema: public; Owner: postgres
--

ALTER TABLE ONLY assigned_address ALTER COLUMN id SET DEFAULT nextval('assigned_address_id_seq'::regclass);


--
-- Name: id; Type: DEFAULT; Schema: public; Owner: postgres
--

ALTER TABLE ONLY collector ALTER COLUMN id SET DEFAULT nextval('collector_id_seq'::regclass);


--
-- Name: id; Type: DEFAULT; Schema: public; Owner: postgres
--

ALTER TABLE ONLY collector_port ALTER COLUMN id SET DEFAULT nextval('collector_port_id_seq'::regclass);


--
-- Name: id; Type: DEFAULT; Schema: public; Owner: postgres
--

ALTER TABLE ONLY hardware ALTER COLUMN id SET DEFAULT nextval('hardware_id_seq'::regclass);


--
-- Name: id; Type: DEFAULT; Schema: public; Owner: postgres
--

ALTER TABLE ONLY location ALTER COLUMN id SET DEFAULT nextval('location_id_seq'::regclass);


--
-- Name: id; Type: DEFAULT; Schema: public; Owner: postgres
--

ALTER TABLE ONLY location_port ALTER COLUMN id SET DEFAULT nextval('location_port_id_seq'::regclass);


--
-- Name: id; Type: DEFAULT; Schema: public; Owner: postgres
--

ALTER TABLE ONLY network ALTER COLUMN id SET DEFAULT nextval('network_id_seq'::regclass);


--
-- Name: id; Type: DEFAULT; Schema: public; Owner: postgres
--

ALTER TABLE ONLY operator ALTER COLUMN id SET DEFAULT nextval('operator_id_seq'::regclass);


--
-- Name: id; Type: DEFAULT; Schema: public; Owner: postgres
--

ALTER TABLE ONLY registration_code ALTER COLUMN id SET DEFAULT nextval('registration_code_id_seq'::regclass);


--
-- Name: id; Type: DEFAULT; Schema: public; Owner: postgres
--

ALTER TABLE ONLY roles ALTER COLUMN id SET DEFAULT nextval('roles_id_seq'::regclass);


--
-- Name: id; Type: DEFAULT; Schema: public; Owner: postgres
--

ALTER TABLE ONLY users ALTER COLUMN id SET DEFAULT nextval('users_id_seq'::regclass);


--
-- Data for Name: address; Type: TABLE DATA; Schema: public; Owner: postgres
--

COPY address (id, created_at, ip, updated_at, network_id, reserved, value, ip_old, lock_version, ip_address) FROM stdin;
385	2010-01-05 10:19:41.704	c00cc0fd	2014-09-12 07:37:51.810737	3	f	253	\\xc00cc0fd	3	192.12.192.253
1282	2014-09-16 07:33:25.986852	0a0a0a40	2014-09-16 07:33:25.986852	8	f	64	\N	0	10.10.10.64
125	2009-11-04 13:40:57.966	c00cc13f	2014-09-11 12:48:16.511609	1	f	63	\\xc00cc13f	3	192.12.193.63
964	2014-09-09 14:29:51.558666	0a000002	2014-09-16 07:28:50.950101	7	t	2	\N	2	10.0.0.2
1218	2014-09-16 07:33:25.851233	0a0a0a00	2014-09-16 07:33:25.851233	8	t	0	\N	0	10.10.10.0
1219	2014-09-16 07:33:25.854433	0a0a0a01	2014-09-16 07:33:25.854433	8	f	1	\N	0	10.10.10.1
1220	2014-09-16 07:33:25.856524	0a0a0a02	2014-09-16 07:33:25.856524	8	f	2	\N	0	10.10.10.2
1221	2014-09-16 07:33:25.858554	0a0a0a03	2014-09-16 07:33:25.858554	8	f	3	\N	0	10.10.10.3
1222	2014-09-16 07:33:25.860556	0a0a0a04	2014-09-16 07:33:25.860556	8	f	4	\N	0	10.10.10.4
1223	2014-09-16 07:33:25.862786	0a0a0a05	2014-09-16 07:33:25.862786	8	f	5	\N	0	10.10.10.5
1224	2014-09-16 07:33:25.86494	0a0a0a06	2014-09-16 07:33:25.86494	8	f	6	\N	0	10.10.10.6
1225	2014-09-16 07:33:25.867164	0a0a0a07	2014-09-16 07:33:25.867164	8	f	7	\N	0	10.10.10.7
1226	2014-09-16 07:33:25.869132	0a0a0a08	2014-09-16 07:33:25.869132	8	f	8	\N	0	10.10.10.8
1227	2014-09-16 07:33:25.87122	0a0a0a09	2014-09-16 07:33:25.87122	8	f	9	\N	0	10.10.10.9
1228	2014-09-16 07:33:25.873295	0a0a0a0a	2014-09-16 07:33:25.873295	8	f	10	\N	0	10.10.10.10
1229	2014-09-16 07:33:25.875389	0a0a0a0b	2014-09-16 07:33:25.875389	8	f	11	\N	0	10.10.10.11
1230	2014-09-16 07:33:25.877531	0a0a0a0c	2014-09-16 07:33:25.877531	8	f	12	\N	0	10.10.10.12
1231	2014-09-16 07:33:25.879765	0a0a0a0d	2014-09-16 07:33:25.879765	8	f	13	\N	0	10.10.10.13
1232	2014-09-16 07:33:25.88181	0a0a0a0e	2014-09-16 07:33:25.88181	8	f	14	\N	0	10.10.10.14
1233	2014-09-16 07:33:25.883755	0a0a0a0f	2014-09-16 07:33:25.883755	8	f	15	\N	0	10.10.10.15
1234	2014-09-16 07:33:25.885714	0a0a0a10	2014-09-16 07:33:25.885714	8	f	16	\N	0	10.10.10.16
1235	2014-09-16 07:33:25.887643	0a0a0a11	2014-09-16 07:33:25.887643	8	f	17	\N	0	10.10.10.17
1236	2014-09-16 07:33:25.889541	0a0a0a12	2014-09-16 07:33:25.889541	8	f	18	\N	0	10.10.10.18
1237	2014-09-16 07:33:25.89151	0a0a0a13	2014-09-16 07:33:25.89151	8	f	19	\N	0	10.10.10.19
1238	2014-09-16 07:33:25.8935	0a0a0a14	2014-09-16 07:33:25.8935	8	f	20	\N	0	10.10.10.20
1239	2014-09-16 07:33:25.895619	0a0a0a15	2014-09-16 07:33:25.895619	8	f	21	\N	0	10.10.10.21
1240	2014-09-16 07:33:25.897729	0a0a0a16	2014-09-16 07:33:25.897729	8	f	22	\N	0	10.10.10.22
1241	2014-09-16 07:33:25.900103	0a0a0a17	2014-09-16 07:33:25.900103	8	f	23	\N	0	10.10.10.23
1242	2014-09-16 07:33:25.902236	0a0a0a18	2014-09-16 07:33:25.902236	8	f	24	\N	0	10.10.10.24
1243	2014-09-16 07:33:25.904172	0a0a0a19	2014-09-16 07:33:25.904172	8	f	25	\N	0	10.10.10.25
1244	2014-09-16 07:33:25.906053	0a0a0a1a	2014-09-16 07:33:25.906053	8	f	26	\N	0	10.10.10.26
1245	2014-09-16 07:33:25.907988	0a0a0a1b	2014-09-16 07:33:25.907988	8	f	27	\N	0	10.10.10.27
1246	2014-09-16 07:33:25.909991	0a0a0a1c	2014-09-16 07:33:25.909991	8	f	28	\N	0	10.10.10.28
1247	2014-09-16 07:33:25.912302	0a0a0a1d	2014-09-16 07:33:25.912302	8	f	29	\N	0	10.10.10.29
1248	2014-09-16 07:33:25.914357	0a0a0a1e	2014-09-16 07:33:25.914357	8	f	30	\N	0	10.10.10.30
1249	2014-09-16 07:33:25.916543	0a0a0a1f	2014-09-16 07:33:25.916543	8	f	31	\N	0	10.10.10.31
1250	2014-09-16 07:33:25.918596	0a0a0a20	2014-09-16 07:33:25.918596	8	f	32	\N	0	10.10.10.32
1251	2014-09-16 07:33:25.920844	0a0a0a21	2014-09-16 07:33:25.920844	8	f	33	\N	0	10.10.10.33
1252	2014-09-16 07:33:25.923615	0a0a0a22	2014-09-16 07:33:25.923615	8	f	34	\N	0	10.10.10.34
1253	2014-09-16 07:33:25.926473	0a0a0a23	2014-09-16 07:33:25.926473	8	f	35	\N	0	10.10.10.35
1254	2014-09-16 07:33:25.929191	0a0a0a24	2014-09-16 07:33:25.929191	8	f	36	\N	0	10.10.10.36
1255	2014-09-16 07:33:25.931205	0a0a0a25	2014-09-16 07:33:25.931205	8	f	37	\N	0	10.10.10.37
1256	2014-09-16 07:33:25.93368	0a0a0a26	2014-09-16 07:33:25.93368	8	f	38	\N	0	10.10.10.38
1257	2014-09-16 07:33:25.935729	0a0a0a27	2014-09-16 07:33:25.935729	8	f	39	\N	0	10.10.10.39
1258	2014-09-16 07:33:25.937693	0a0a0a28	2014-09-16 07:33:25.937693	8	f	40	\N	0	10.10.10.40
1259	2014-09-16 07:33:25.939677	0a0a0a29	2014-09-16 07:33:25.939677	8	f	41	\N	0	10.10.10.41
1260	2014-09-16 07:33:25.941749	0a0a0a2a	2014-09-16 07:33:25.941749	8	f	42	\N	0	10.10.10.42
1261	2014-09-16 07:33:25.943772	0a0a0a2b	2014-09-16 07:33:25.943772	8	f	43	\N	0	10.10.10.43
1262	2014-09-16 07:33:25.946163	0a0a0a2c	2014-09-16 07:33:25.946163	8	f	44	\N	0	10.10.10.44
1263	2014-09-16 07:33:25.948274	0a0a0a2d	2014-09-16 07:33:25.948274	8	f	45	\N	0	10.10.10.45
1264	2014-09-16 07:33:25.950257	0a0a0a2e	2014-09-16 07:33:25.950257	8	f	46	\N	0	10.10.10.46
1265	2014-09-16 07:33:25.952202	0a0a0a2f	2014-09-16 07:33:25.952202	8	f	47	\N	0	10.10.10.47
1266	2014-09-16 07:33:25.954106	0a0a0a30	2014-09-16 07:33:25.954106	8	f	48	\N	0	10.10.10.48
1267	2014-09-16 07:33:25.956102	0a0a0a31	2014-09-16 07:33:25.956102	8	f	49	\N	0	10.10.10.49
1268	2014-09-16 07:33:25.95815	0a0a0a32	2014-09-16 07:33:25.95815	8	f	50	\N	0	10.10.10.50
1269	2014-09-16 07:33:25.96015	0a0a0a33	2014-09-16 07:33:25.96015	8	f	51	\N	0	10.10.10.51
1270	2014-09-16 07:33:25.962121	0a0a0a34	2014-09-16 07:33:25.962121	8	f	52	\N	0	10.10.10.52
1271	2014-09-16 07:33:25.964296	0a0a0a35	2014-09-16 07:33:25.964296	8	f	53	\N	0	10.10.10.53
1272	2014-09-16 07:33:25.966335	0a0a0a36	2014-09-16 07:33:25.966335	8	f	54	\N	0	10.10.10.54
1273	2014-09-16 07:33:25.968328	0a0a0a37	2014-09-16 07:33:25.968328	8	f	55	\N	0	10.10.10.55
1274	2014-09-16 07:33:25.970355	0a0a0a38	2014-09-16 07:33:25.970355	8	f	56	\N	0	10.10.10.56
1275	2014-09-16 07:33:25.972364	0a0a0a39	2014-09-16 07:33:25.972364	8	f	57	\N	0	10.10.10.57
1276	2014-09-16 07:33:25.974399	0a0a0a3a	2014-09-16 07:33:25.974399	8	f	58	\N	0	10.10.10.58
1277	2014-09-16 07:33:25.976405	0a0a0a3b	2014-09-16 07:33:25.976405	8	f	59	\N	0	10.10.10.59
1278	2014-09-16 07:33:25.978601	0a0a0a3c	2014-09-16 07:33:25.978601	8	f	60	\N	0	10.10.10.60
1279	2014-09-16 07:33:25.980769	0a0a0a3d	2014-09-16 07:33:25.980769	8	f	61	\N	0	10.10.10.61
1280	2014-09-16 07:33:25.982716	0a0a0a3e	2014-09-16 07:33:25.982716	8	f	62	\N	0	10.10.10.62
1281	2014-09-16 07:33:25.98472	0a0a0a3f	2014-09-16 07:33:25.98472	8	f	63	\N	0	10.10.10.63
1283	2014-09-16 07:33:25.988817	0a0a0a41	2014-09-16 07:33:25.988817	8	f	65	\N	0	10.10.10.65
1284	2014-09-16 07:33:25.990787	0a0a0a42	2014-09-16 07:33:25.990787	8	f	66	\N	0	10.10.10.66
1285	2014-09-16 07:33:25.99274	0a0a0a43	2014-09-16 07:33:25.99274	8	f	67	\N	0	10.10.10.67
1286	2014-09-16 07:33:25.994728	0a0a0a44	2014-09-16 07:33:25.994728	8	f	68	\N	0	10.10.10.68
1287	2014-09-16 07:33:25.996905	0a0a0a45	2014-09-16 07:33:25.996905	8	f	69	\N	0	10.10.10.69
1288	2014-09-16 07:33:25.999053	0a0a0a46	2014-09-16 07:33:25.999053	8	f	70	\N	0	10.10.10.70
1289	2014-09-16 07:33:26.001002	0a0a0a47	2014-09-16 07:33:26.001002	8	f	71	\N	0	10.10.10.71
1290	2014-09-16 07:33:26.002998	0a0a0a48	2014-09-16 07:33:26.002998	8	f	72	\N	0	10.10.10.72
1291	2014-09-16 07:33:26.004948	0a0a0a49	2014-09-16 07:33:26.004948	8	f	73	\N	0	10.10.10.73
1292	2014-09-16 07:33:26.006994	0a0a0a4a	2014-09-16 07:33:26.006994	8	f	74	\N	0	10.10.10.74
1293	2014-09-16 07:33:26.009068	0a0a0a4b	2014-09-16 07:33:26.009068	8	f	75	\N	0	10.10.10.75
1294	2014-09-16 07:33:26.011233	0a0a0a4c	2014-09-16 07:33:26.011233	8	f	76	\N	0	10.10.10.76
1295	2014-09-16 07:33:26.01353	0a0a0a4d	2014-09-16 07:33:26.01353	8	f	77	\N	0	10.10.10.77
1296	2014-09-16 07:33:26.015525	0a0a0a4e	2014-09-16 07:33:26.015525	8	f	78	\N	0	10.10.10.78
1297	2014-09-16 07:33:26.017574	0a0a0a4f	2014-09-16 07:33:26.017574	8	f	79	\N	0	10.10.10.79
1298	2014-09-16 07:33:26.01963	0a0a0a50	2014-09-16 07:33:26.01963	8	f	80	\N	0	10.10.10.80
1299	2014-09-16 07:33:26.021702	0a0a0a51	2014-09-16 07:33:26.021702	8	f	81	\N	0	10.10.10.81
1300	2014-09-16 07:33:26.023794	0a0a0a52	2014-09-16 07:33:26.023794	8	f	82	\N	0	10.10.10.82
1301	2014-09-16 07:33:26.025864	0a0a0a53	2014-09-16 07:33:26.025864	8	f	83	\N	0	10.10.10.83
1302	2014-09-16 07:33:26.027874	0a0a0a54	2014-09-16 07:33:26.027874	8	f	84	\N	0	10.10.10.84
1303	2014-09-16 07:33:26.030235	0a0a0a55	2014-09-16 07:33:26.030235	8	f	85	\N	0	10.10.10.85
1304	2014-09-16 07:33:26.033788	0a0a0a56	2014-09-16 07:33:26.033788	8	f	86	\N	0	10.10.10.86
1305	2014-09-16 07:33:26.038363	0a0a0a57	2014-09-16 07:33:26.038363	8	f	87	\N	0	10.10.10.87
1306	2014-09-16 07:33:26.04172	0a0a0a58	2014-09-16 07:33:26.04172	8	f	88	\N	0	10.10.10.88
1307	2014-09-16 07:33:26.044551	0a0a0a59	2014-09-16 07:33:26.044551	8	f	89	\N	0	10.10.10.89
1308	2014-09-16 07:33:26.047354	0a0a0a5a	2014-09-16 07:33:26.047354	8	f	90	\N	0	10.10.10.90
1309	2014-09-16 07:33:26.049512	0a0a0a5b	2014-09-16 07:33:26.049512	8	f	91	\N	0	10.10.10.91
1310	2014-09-16 07:33:26.051643	0a0a0a5c	2014-09-16 07:33:26.051643	8	f	92	\N	0	10.10.10.92
1311	2014-09-16 07:33:26.053679	0a0a0a5d	2014-09-16 07:33:26.053679	8	f	93	\N	0	10.10.10.93
1312	2014-09-16 07:33:26.055747	0a0a0a5e	2014-09-16 07:33:26.055747	8	f	94	\N	0	10.10.10.94
1313	2014-09-16 07:33:26.057689	0a0a0a5f	2014-09-16 07:33:26.057689	8	f	95	\N	0	10.10.10.95
1314	2014-09-16 07:33:26.059699	0a0a0a60	2014-09-16 07:33:26.059699	8	f	96	\N	0	10.10.10.96
1315	2014-09-16 07:33:26.061759	0a0a0a61	2014-09-16 07:33:26.061759	8	f	97	\N	0	10.10.10.97
1316	2014-09-16 07:33:26.064077	0a0a0a62	2014-09-16 07:33:26.064077	8	f	98	\N	0	10.10.10.98
1317	2014-09-16 07:33:26.066897	0a0a0a63	2014-09-16 07:33:26.066897	8	f	99	\N	0	10.10.10.99
1318	2014-09-16 07:33:26.069174	0a0a0a64	2014-09-16 07:33:26.069174	8	f	100	\N	0	10.10.10.100
1319	2014-09-16 07:33:26.071198	0a0a0a65	2014-09-16 07:33:26.071198	8	f	101	\N	0	10.10.10.101
1320	2014-09-16 07:33:26.073181	0a0a0a66	2014-09-16 07:33:26.073181	8	f	102	\N	0	10.10.10.102
1321	2014-09-16 07:33:26.075215	0a0a0a67	2014-09-16 07:33:26.075215	8	f	103	\N	0	10.10.10.103
1322	2014-09-16 07:33:26.077391	0a0a0a68	2014-09-16 07:33:26.077391	8	f	104	\N	0	10.10.10.104
1323	2014-09-16 07:33:26.079724	0a0a0a69	2014-09-16 07:33:26.079724	8	f	105	\N	0	10.10.10.105
1324	2014-09-16 07:33:26.081873	0a0a0a6a	2014-09-16 07:33:26.081873	8	f	106	\N	0	10.10.10.106
1325	2014-09-16 07:33:26.084016	0a0a0a6b	2014-09-16 07:33:26.084016	8	f	107	\N	0	10.10.10.107
1326	2014-09-16 07:33:26.086121	0a0a0a6c	2014-09-16 07:33:26.086121	8	f	108	\N	0	10.10.10.108
1327	2014-09-16 07:33:26.088198	0a0a0a6d	2014-09-16 07:33:26.088198	8	f	109	\N	0	10.10.10.109
1328	2014-09-16 07:33:26.090278	0a0a0a6e	2014-09-16 07:33:26.090278	8	f	110	\N	0	10.10.10.110
1329	2014-09-16 07:33:26.092599	0a0a0a6f	2014-09-16 07:33:26.092599	8	f	111	\N	0	10.10.10.111
1330	2014-09-16 07:33:26.094683	0a0a0a70	2014-09-16 07:33:26.094683	8	f	112	\N	0	10.10.10.112
1331	2014-09-16 07:33:26.096797	0a0a0a71	2014-09-16 07:33:26.096797	8	f	113	\N	0	10.10.10.113
1332	2014-09-16 07:33:26.098906	0a0a0a72	2014-09-16 07:33:26.098906	8	f	114	\N	0	10.10.10.114
1333	2014-09-16 07:33:26.100972	0a0a0a73	2014-09-16 07:33:26.100972	8	f	115	\N	0	10.10.10.115
1334	2014-09-16 07:33:26.103018	0a0a0a74	2014-09-16 07:33:26.103018	8	f	116	\N	0	10.10.10.116
1335	2014-09-16 07:33:26.105063	0a0a0a75	2014-09-16 07:33:26.105063	8	f	117	\N	0	10.10.10.117
1336	2014-09-16 07:33:26.107038	0a0a0a76	2014-09-16 07:33:26.107038	8	f	118	\N	0	10.10.10.118
1337	2014-09-16 07:33:26.10905	0a0a0a77	2014-09-16 07:33:26.10905	8	f	119	\N	0	10.10.10.119
1338	2014-09-16 07:33:26.11111	0a0a0a78	2014-09-16 07:33:26.11111	8	f	120	\N	0	10.10.10.120
1339	2014-09-16 07:33:26.113324	0a0a0a79	2014-09-16 07:33:26.113324	8	f	121	\N	0	10.10.10.121
1340	2014-09-16 07:33:26.115571	0a0a0a7a	2014-09-16 07:33:26.115571	8	f	122	\N	0	10.10.10.122
1341	2014-09-16 07:33:26.11785	0a0a0a7b	2014-09-16 07:33:26.11785	8	f	123	\N	0	10.10.10.123
1342	2014-09-16 07:33:26.119954	0a0a0a7c	2014-09-16 07:33:26.119954	8	f	124	\N	0	10.10.10.124
1343	2014-09-16 07:33:26.121913	0a0a0a7d	2014-09-16 07:33:26.121913	8	f	125	\N	0	10.10.10.125
1344	2014-09-16 07:33:26.123909	0a0a0a7e	2014-09-16 07:33:26.123909	8	f	126	\N	0	10.10.10.126
1345	2014-09-16 07:33:26.125916	0a0a0a7f	2014-09-16 07:33:26.125916	8	f	127	\N	0	10.10.10.127
1346	2014-09-16 07:33:26.128049	0a0a0a80	2014-09-16 07:33:26.128049	8	f	128	\N	0	10.10.10.128
1347	2014-09-16 07:33:26.130236	0a0a0a81	2014-09-16 07:33:26.130236	8	f	129	\N	0	10.10.10.129
1348	2014-09-16 07:33:26.132448	0a0a0a82	2014-09-16 07:33:26.132448	8	f	130	\N	0	10.10.10.130
1349	2014-09-16 07:33:26.134417	0a0a0a83	2014-09-16 07:33:26.134417	8	f	131	\N	0	10.10.10.131
1350	2014-09-16 07:33:26.13636	0a0a0a84	2014-09-16 07:33:26.13636	8	f	132	\N	0	10.10.10.132
1351	2014-09-16 07:33:26.13828	0a0a0a85	2014-09-16 07:33:26.13828	8	f	133	\N	0	10.10.10.133
1352	2014-09-16 07:33:26.140398	0a0a0a86	2014-09-16 07:33:26.140398	8	f	134	\N	0	10.10.10.134
1353	2014-09-16 07:33:26.142552	0a0a0a87	2014-09-16 07:33:26.142552	8	f	135	\N	0	10.10.10.135
1354	2014-09-16 07:33:26.145039	0a0a0a88	2014-09-16 07:33:26.145039	8	f	136	\N	0	10.10.10.136
1355	2014-09-16 07:33:26.14752	0a0a0a89	2014-09-16 07:33:26.14752	8	f	137	\N	0	10.10.10.137
1356	2014-09-16 07:33:26.149565	0a0a0a8a	2014-09-16 07:33:26.149565	8	f	138	\N	0	10.10.10.138
1357	2014-09-16 07:33:26.151541	0a0a0a8b	2014-09-16 07:33:26.151541	8	f	139	\N	0	10.10.10.139
1358	2014-09-16 07:33:26.15351	0a0a0a8c	2014-09-16 07:33:26.15351	8	f	140	\N	0	10.10.10.140
1359	2014-09-16 07:33:26.15549	0a0a0a8d	2014-09-16 07:33:26.15549	8	f	141	\N	0	10.10.10.141
1360	2014-09-16 07:33:26.157443	0a0a0a8e	2014-09-16 07:33:26.157443	8	f	142	\N	0	10.10.10.142
1361	2014-09-16 07:33:26.159488	0a0a0a8f	2014-09-16 07:33:26.159488	8	f	143	\N	0	10.10.10.143
1362	2014-09-16 07:33:26.161511	0a0a0a90	2014-09-16 07:33:26.161511	8	f	144	\N	0	10.10.10.144
1363	2014-09-16 07:33:26.163863	0a0a0a91	2014-09-16 07:33:26.163863	8	f	145	\N	0	10.10.10.145
1364	2014-09-16 07:33:26.166229	0a0a0a92	2014-09-16 07:33:26.166229	8	f	146	\N	0	10.10.10.146
1365	2014-09-16 07:33:26.168438	0a0a0a93	2014-09-16 07:33:26.168438	8	f	147	\N	0	10.10.10.147
1366	2014-09-16 07:33:26.170424	0a0a0a94	2014-09-16 07:33:26.170424	8	f	148	\N	0	10.10.10.148
1367	2014-09-16 07:33:26.172423	0a0a0a95	2014-09-16 07:33:26.172423	8	f	149	\N	0	10.10.10.149
1368	2014-09-16 07:33:26.174453	0a0a0a96	2014-09-16 07:33:26.174453	8	f	150	\N	0	10.10.10.150
1369	2014-09-16 07:33:26.176505	0a0a0a97	2014-09-16 07:33:26.176505	8	f	151	\N	0	10.10.10.151
1370	2014-09-16 07:33:26.178641	0a0a0a98	2014-09-16 07:33:26.178641	8	f	152	\N	0	10.10.10.152
1371	2014-09-16 07:33:26.180691	0a0a0a99	2014-09-16 07:33:26.180691	8	f	153	\N	0	10.10.10.153
1372	2014-09-16 07:33:26.182648	0a0a0a9a	2014-09-16 07:33:26.182648	8	f	154	\N	0	10.10.10.154
1373	2014-09-16 07:33:26.184674	0a0a0a9b	2014-09-16 07:33:26.184674	8	f	155	\N	0	10.10.10.155
1374	2014-09-16 07:33:26.18666	0a0a0a9c	2014-09-16 07:33:26.18666	8	f	156	\N	0	10.10.10.156
1375	2014-09-16 07:33:26.188874	0a0a0a9d	2014-09-16 07:33:26.188874	8	f	157	\N	0	10.10.10.157
1376	2014-09-16 07:33:26.191028	0a0a0a9e	2014-09-16 07:33:26.191028	8	f	158	\N	0	10.10.10.158
1377	2014-09-16 07:33:26.192996	0a0a0a9f	2014-09-16 07:33:26.192996	8	f	159	\N	0	10.10.10.159
1378	2014-09-16 07:33:26.195	0a0a0aa0	2014-09-16 07:33:26.195	8	f	160	\N	0	10.10.10.160
1379	2014-09-16 07:33:26.197171	0a0a0aa1	2014-09-16 07:33:26.197171	8	f	161	\N	0	10.10.10.161
1380	2014-09-16 07:33:26.199423	0a0a0aa2	2014-09-16 07:33:26.199423	8	f	162	\N	0	10.10.10.162
1381	2014-09-16 07:33:26.201443	0a0a0aa3	2014-09-16 07:33:26.201443	8	f	163	\N	0	10.10.10.163
1382	2014-09-16 07:33:26.203427	0a0a0aa4	2014-09-16 07:33:26.203427	8	f	164	\N	0	10.10.10.164
1383	2014-09-16 07:33:26.205373	0a0a0aa5	2014-09-16 07:33:26.205373	8	f	165	\N	0	10.10.10.165
1384	2014-09-16 07:33:26.207393	0a0a0aa6	2014-09-16 07:33:26.207393	8	f	166	\N	0	10.10.10.166
1385	2014-09-16 07:33:26.209361	0a0a0aa7	2014-09-16 07:33:26.209361	8	f	167	\N	0	10.10.10.167
1386	2014-09-16 07:33:26.211377	0a0a0aa8	2014-09-16 07:33:26.211377	8	f	168	\N	0	10.10.10.168
1387	2014-09-16 07:33:26.213711	0a0a0aa9	2014-09-16 07:33:26.213711	8	f	169	\N	0	10.10.10.169
1388	2014-09-16 07:33:26.21574	0a0a0aaa	2014-09-16 07:33:26.21574	8	f	170	\N	0	10.10.10.170
1389	2014-09-16 07:33:26.217863	0a0a0aab	2014-09-16 07:33:26.217863	8	f	171	\N	0	10.10.10.171
1390	2014-09-16 07:33:26.219925	0a0a0aac	2014-09-16 07:33:26.219925	8	f	172	\N	0	10.10.10.172
1391	2014-09-16 07:33:26.221884	0a0a0aad	2014-09-16 07:33:26.221884	8	f	173	\N	0	10.10.10.173
1392	2014-09-16 07:33:26.223827	0a0a0aae	2014-09-16 07:33:26.223827	8	f	174	\N	0	10.10.10.174
1393	2014-09-16 07:33:26.225815	0a0a0aaf	2014-09-16 07:33:26.225815	8	f	175	\N	0	10.10.10.175
1394	2014-09-16 07:33:26.227781	0a0a0ab0	2014-09-16 07:33:26.227781	8	f	176	\N	0	10.10.10.176
1395	2014-09-16 07:33:26.229838	0a0a0ab1	2014-09-16 07:33:26.229838	8	f	177	\N	0	10.10.10.177
1396	2014-09-16 07:33:26.231943	0a0a0ab2	2014-09-16 07:33:26.231943	8	f	178	\N	0	10.10.10.178
1397	2014-09-16 07:33:26.233991	0a0a0ab3	2014-09-16 07:33:26.233991	8	f	179	\N	0	10.10.10.179
1398	2014-09-16 07:33:26.236019	0a0a0ab4	2014-09-16 07:33:26.236019	8	f	180	\N	0	10.10.10.180
1399	2014-09-16 07:33:26.238033	0a0a0ab5	2014-09-16 07:33:26.238033	8	f	181	\N	0	10.10.10.181
1400	2014-09-16 07:33:26.240147	0a0a0ab6	2014-09-16 07:33:26.240147	8	f	182	\N	0	10.10.10.182
1401	2014-09-16 07:33:26.24233	0a0a0ab7	2014-09-16 07:33:26.24233	8	f	183	\N	0	10.10.10.183
1402	2014-09-16 07:33:26.24433	0a0a0ab8	2014-09-16 07:33:26.24433	8	f	184	\N	0	10.10.10.184
1403	2014-09-16 07:33:26.24642	0a0a0ab9	2014-09-16 07:33:26.24642	8	f	185	\N	0	10.10.10.185
1404	2014-09-16 07:33:26.248499	0a0a0aba	2014-09-16 07:33:26.248499	8	f	186	\N	0	10.10.10.186
1405	2014-09-16 07:33:26.250601	0a0a0abb	2014-09-16 07:33:26.250601	8	f	187	\N	0	10.10.10.187
1406	2014-09-16 07:33:26.252626	0a0a0abc	2014-09-16 07:33:26.252626	8	f	188	\N	0	10.10.10.188
1407	2014-09-16 07:33:26.254575	0a0a0abd	2014-09-16 07:33:26.254575	8	f	189	\N	0	10.10.10.189
1408	2014-09-16 07:33:26.256573	0a0a0abe	2014-09-16 07:33:26.256573	8	f	190	\N	0	10.10.10.190
1409	2014-09-16 07:33:26.258506	0a0a0abf	2014-09-16 07:33:26.258506	8	f	191	\N	0	10.10.10.191
1410	2014-09-16 07:33:26.260491	0a0a0ac0	2014-09-16 07:33:26.260491	8	f	192	\N	0	10.10.10.192
1411	2014-09-16 07:33:26.262605	0a0a0ac1	2014-09-16 07:33:26.262605	8	f	193	\N	0	10.10.10.193
1412	2014-09-16 07:33:26.264864	0a0a0ac2	2014-09-16 07:33:26.264864	8	f	194	\N	0	10.10.10.194
1413	2014-09-16 07:33:26.267152	0a0a0ac3	2014-09-16 07:33:26.267152	8	f	195	\N	0	10.10.10.195
1414	2014-09-16 07:33:26.269236	0a0a0ac4	2014-09-16 07:33:26.269236	8	f	196	\N	0	10.10.10.196
1415	2014-09-16 07:33:26.271322	0a0a0ac5	2014-09-16 07:33:26.271322	8	f	197	\N	0	10.10.10.197
1416	2014-09-16 07:33:26.273339	0a0a0ac6	2014-09-16 07:33:26.273339	8	f	198	\N	0	10.10.10.198
1417	2014-09-16 07:33:26.275358	0a0a0ac7	2014-09-16 07:33:26.275358	8	f	199	\N	0	10.10.10.199
1418	2014-09-16 07:33:26.277541	0a0a0ac8	2014-09-16 07:33:26.277541	8	f	200	\N	0	10.10.10.200
1419	2014-09-16 07:33:26.279601	0a0a0ac9	2014-09-16 07:33:26.279601	8	f	201	\N	0	10.10.10.201
1420	2014-09-16 07:33:26.281838	0a0a0aca	2014-09-16 07:33:26.281838	8	f	202	\N	0	10.10.10.202
1421	2014-09-16 07:33:26.283965	0a0a0acb	2014-09-16 07:33:26.283965	8	f	203	\N	0	10.10.10.203
1422	2014-09-16 07:33:26.286044	0a0a0acc	2014-09-16 07:33:26.286044	8	f	204	\N	0	10.10.10.204
1423	2014-09-16 07:33:26.304628	0a0a0acd	2014-09-16 07:33:26.304628	8	f	205	\N	0	10.10.10.205
1424	2014-09-16 07:33:26.306787	0a0a0ace	2014-09-16 07:33:26.306787	8	f	206	\N	0	10.10.10.206
1425	2014-09-16 07:33:26.308998	0a0a0acf	2014-09-16 07:33:26.308998	8	f	207	\N	0	10.10.10.207
1426	2014-09-16 07:33:26.31101	0a0a0ad0	2014-09-16 07:33:26.31101	8	f	208	\N	0	10.10.10.208
1427	2014-09-16 07:33:26.313435	0a0a0ad1	2014-09-16 07:33:26.313435	8	f	209	\N	0	10.10.10.209
1428	2014-09-16 07:33:26.31591	0a0a0ad2	2014-09-16 07:33:26.31591	8	f	210	\N	0	10.10.10.210
1429	2014-09-16 07:33:26.318095	0a0a0ad3	2014-09-16 07:33:26.318095	8	f	211	\N	0	10.10.10.211
1430	2014-09-16 07:33:26.320061	0a0a0ad4	2014-09-16 07:33:26.320061	8	f	212	\N	0	10.10.10.212
1431	2014-09-16 07:33:26.322001	0a0a0ad5	2014-09-16 07:33:26.322001	8	f	213	\N	0	10.10.10.213
1432	2014-09-16 07:33:26.323937	0a0a0ad6	2014-09-16 07:33:26.323937	8	f	214	\N	0	10.10.10.214
1433	2014-09-16 07:33:26.325893	0a0a0ad7	2014-09-16 07:33:26.325893	8	f	215	\N	0	10.10.10.215
1434	2014-09-16 07:33:26.327893	0a0a0ad8	2014-09-16 07:33:26.327893	8	f	216	\N	0	10.10.10.216
1435	2014-09-16 07:33:26.330102	0a0a0ad9	2014-09-16 07:33:26.330102	8	f	217	\N	0	10.10.10.217
1436	2014-09-16 07:33:26.332652	0a0a0ada	2014-09-16 07:33:26.332652	8	f	218	\N	0	10.10.10.218
1437	2014-09-16 07:33:26.334669	0a0a0adb	2014-09-16 07:33:26.334669	8	f	219	\N	0	10.10.10.219
1438	2014-09-16 07:33:26.336665	0a0a0adc	2014-09-16 07:33:26.336665	8	f	220	\N	0	10.10.10.220
1439	2014-09-16 07:33:26.338577	0a0a0add	2014-09-16 07:33:26.338577	8	f	221	\N	0	10.10.10.221
1440	2014-09-16 07:33:26.340504	0a0a0ade	2014-09-16 07:33:26.340504	8	f	222	\N	0	10.10.10.222
1441	2014-09-16 07:33:26.342532	0a0a0adf	2014-09-16 07:33:26.342532	8	f	223	\N	0	10.10.10.223
1442	2014-09-16 07:33:26.344777	0a0a0ae0	2014-09-16 07:33:26.344777	8	f	224	\N	0	10.10.10.224
1443	2014-09-16 07:33:26.346994	0a0a0ae1	2014-09-16 07:33:26.346994	8	f	225	\N	0	10.10.10.225
1444	2014-09-16 07:33:26.349204	0a0a0ae2	2014-09-16 07:33:26.349204	8	f	226	\N	0	10.10.10.226
1445	2014-09-16 07:33:26.351243	0a0a0ae3	2014-09-16 07:33:26.351243	8	f	227	\N	0	10.10.10.227
1446	2014-09-16 07:33:26.353275	0a0a0ae4	2014-09-16 07:33:26.353275	8	f	228	\N	0	10.10.10.228
1447	2014-09-16 07:33:26.35528	0a0a0ae5	2014-09-16 07:33:26.35528	8	f	229	\N	0	10.10.10.229
1448	2014-09-16 07:33:26.357335	0a0a0ae6	2014-09-16 07:33:26.357335	8	f	230	\N	0	10.10.10.230
1449	2014-09-16 07:33:26.359779	0a0a0ae7	2014-09-16 07:33:26.359779	8	f	231	\N	0	10.10.10.231
1450	2014-09-16 07:33:26.36191	0a0a0ae8	2014-09-16 07:33:26.36191	8	f	232	\N	0	10.10.10.232
1451	2014-09-16 07:33:26.363974	0a0a0ae9	2014-09-16 07:33:26.363974	8	f	233	\N	0	10.10.10.233
1452	2014-09-16 07:33:26.366026	0a0a0aea	2014-09-16 07:33:26.366026	8	f	234	\N	0	10.10.10.234
1453	2014-09-16 07:33:26.368013	0a0a0aeb	2014-09-16 07:33:26.368013	8	f	235	\N	0	10.10.10.235
1454	2014-09-16 07:33:26.370019	0a0a0aec	2014-09-16 07:33:26.370019	8	f	236	\N	0	10.10.10.236
1455	2014-09-16 07:33:26.372148	0a0a0aed	2014-09-16 07:33:26.372148	8	f	237	\N	0	10.10.10.237
1456	2014-09-16 07:33:26.374371	0a0a0aee	2014-09-16 07:33:26.374371	8	f	238	\N	0	10.10.10.238
1457	2014-09-16 07:33:26.376712	0a0a0aef	2014-09-16 07:33:26.376712	8	f	239	\N	0	10.10.10.239
1458	2014-09-16 07:33:26.378708	0a0a0af0	2014-09-16 07:33:26.378708	8	f	240	\N	0	10.10.10.240
1459	2014-09-16 07:33:26.380903	0a0a0af1	2014-09-16 07:33:26.380903	8	f	241	\N	0	10.10.10.241
1460	2014-09-16 07:33:26.383142	0a0a0af2	2014-09-16 07:33:26.383142	8	f	242	\N	0	10.10.10.242
1461	2014-09-16 07:33:26.385148	0a0a0af3	2014-09-16 07:33:26.385148	8	f	243	\N	0	10.10.10.243
1462	2014-09-16 07:33:26.387438	0a0a0af4	2014-09-16 07:33:26.387438	8	f	244	\N	0	10.10.10.244
1463	2014-09-16 07:33:26.389436	0a0a0af5	2014-09-16 07:33:26.389436	8	f	245	\N	0	10.10.10.245
1464	2014-09-16 07:33:26.391423	0a0a0af6	2014-09-16 07:33:26.391423	8	f	246	\N	0	10.10.10.246
1465	2014-09-16 07:33:26.393606	0a0a0af7	2014-09-16 07:33:26.393606	8	f	247	\N	0	10.10.10.247
1466	2014-09-16 07:33:26.395732	0a0a0af8	2014-09-16 07:33:26.395732	8	f	248	\N	0	10.10.10.248
1467	2014-09-16 07:33:26.397985	0a0a0af9	2014-09-16 07:33:26.397985	8	f	249	\N	0	10.10.10.249
1468	2014-09-16 07:33:26.400126	0a0a0afa	2014-09-16 07:33:26.400126	8	f	250	\N	0	10.10.10.250
1469	2014-09-16 07:33:26.402317	0a0a0afb	2014-09-16 07:33:26.402317	8	f	251	\N	0	10.10.10.251
1470	2014-09-16 07:33:26.404274	0a0a0afc	2014-09-16 07:33:26.404274	8	f	252	\N	0	10.10.10.252
1471	2014-09-16 07:33:26.406234	0a0a0afd	2014-09-16 07:33:26.406234	8	f	253	\N	0	10.10.10.253
1472	2014-09-16 07:33:26.408288	0a0a0afe	2014-09-16 07:33:26.408288	8	f	254	\N	0	10.10.10.254
1473	2014-09-16 07:33:26.41039	0a0a0aff	2014-09-16 07:33:26.41039	8	t	255	\N	0	10.10.10.255
1	2009-11-04 13:40:57.194	c00cc169	2014-09-11 07:00:10.338894	1	f	105	\\xc00cc169	1	192.12.193.105
2	2009-11-04 13:40:57.201	c00cc12d	2014-09-11 07:00:10.344423	1	f	45	\\xc00cc12d	1	192.12.193.45
3	2009-11-04 13:40:57.205	c00cc14e	2014-09-11 07:00:10.345255	1	f	78	\\xc00cc14e	1	192.12.193.78
4	2009-11-04 13:40:57.208	c00cc178	2014-09-11 07:00:10.346002	1	f	120	\\xc00cc178	1	192.12.193.120
7	2009-11-04 13:40:57.218	c00cc13e	2014-09-11 07:00:10.346813	1	f	62	\\xc00cc13e	1	192.12.193.62
8	2009-11-04 13:40:57.223	c00cc10c	2014-09-11 07:00:10.347557	1	f	12	\\xc00cc10c	1	192.12.193.12
9	2009-11-04 13:40:57.228	c00cc176	2014-09-11 07:00:10.348345	1	f	118	\\xc00cc176	1	192.12.193.118
10	2009-11-04 13:40:57.231	c00cc102	2014-09-11 07:00:10.349148	1	t	2	\\xc00cc102	1	192.12.193.2
11	2009-11-04 13:40:57.234	c00cc111	2014-09-11 07:00:10.349908	1	f	17	\\xc00cc111	1	192.12.193.17
12	2009-11-04 13:40:57.238	c00cc179	2014-09-11 07:00:10.350645	1	f	121	\\xc00cc179	1	192.12.193.121
13	2009-11-04 13:40:57.243	c00cc174	2014-09-11 07:00:10.35142	1	f	116	\\xc00cc174	1	192.12.193.116
14	2009-11-04 13:40:57.247	c00cc134	2014-09-11 07:00:10.352222	1	f	52	\\xc00cc134	1	192.12.193.52
15	2009-11-04 13:40:57.254	c00cc144	2014-09-11 07:00:10.353051	1	f	68	\\xc00cc144	1	192.12.193.68
16	2009-11-04 13:40:57.263	c00cc13c	2014-09-11 07:00:10.353811	1	f	60	\\xc00cc13c	1	192.12.193.60
18	2009-11-04 13:40:57.274	c00cc146	2014-09-11 07:00:10.35463	1	f	70	\\xc00cc146	1	192.12.193.70
20	2009-11-04 13:40:57.281	c00cc15a	2014-09-11 07:00:10.355446	1	f	90	\\xc00cc15a	1	192.12.193.90
22	2009-11-04 13:40:57.287	c00cc138	2014-09-11 07:00:10.356209	1	f	56	\\xc00cc138	1	192.12.193.56
24	2009-11-04 13:40:57.299	c00cc168	2014-09-11 07:00:10.356989	1	f	104	\\xc00cc168	1	192.12.193.104
27	2009-11-04 13:40:57.362	c00cc167	2014-09-11 07:00:10.357765	1	f	103	\\xc00cc167	1	192.12.193.103
28	2009-11-04 13:40:57.365	c00cc15c	2014-09-11 07:00:10.358495	1	f	92	\\xc00cc15c	1	192.12.193.92
30	2009-11-04 13:40:57.371	c00cc112	2014-09-11 07:00:10.359219	1	f	18	\\xc00cc112	1	192.12.193.18
31	2009-11-04 13:40:57.374	c00cc140	2014-09-11 07:00:10.359975	1	f	64	\\xc00cc140	1	192.12.193.64
33	2009-11-04 13:40:57.38	c00cc143	2014-09-11 07:00:10.360668	1	f	67	\\xc00cc143	1	192.12.193.67
34	2009-11-04 13:40:57.384	c00cc10d	2014-09-11 07:00:10.361366	1	f	13	\\xc00cc10d	1	192.12.193.13
36	2009-11-04 13:40:57.39	c00cc130	2014-09-11 07:00:10.362079	1	f	48	\\xc00cc130	1	192.12.193.48
37	2009-11-04 13:40:57.393	c00cc152	2014-09-11 07:00:10.362776	1	f	82	\\xc00cc152	1	192.12.193.82
38	2009-11-04 13:40:57.396	c00cc131	2014-09-11 07:00:10.363523	1	f	49	\\xc00cc131	1	192.12.193.49
39	2009-11-04 13:40:57.399	c00cc14f	2014-09-11 07:00:10.364224	1	f	79	\\xc00cc14f	1	192.12.193.79
40	2009-11-04 13:40:57.402	c00cc118	2014-09-11 07:00:10.364933	1	f	24	\\xc00cc118	1	192.12.193.24
45	2009-11-04 13:40:57.417	c00cc13b	2014-09-11 07:00:10.367109	1	f	59	\\xc00cc13b	1	192.12.193.59
46	2009-11-04 13:40:57.42	c00cc151	2014-09-11 07:00:10.367869	1	f	81	\\xc00cc151	1	192.12.193.81
47	2009-11-04 13:40:57.424	c00cc11d	2014-09-11 07:00:10.368639	1	f	29	\\xc00cc11d	1	192.12.193.29
48	2009-11-04 13:40:57.427	c00cc10a	2014-09-11 07:00:10.369338	1	f	10	\\xc00cc10a	1	192.12.193.10
49	2009-11-04 13:40:57.43	c00cc16d	2014-09-11 07:00:10.370072	1	f	109	\\xc00cc16d	1	192.12.193.109
50	2009-11-04 13:40:57.433	c00cc14c	2014-09-11 07:00:10.370844	1	f	76	\\xc00cc14c	1	192.12.193.76
53	2009-11-04 13:40:57.476	c00cc170	2014-09-11 07:00:10.371635	1	f	112	\\xc00cc170	1	192.12.193.112
55	2009-11-04 13:40:57.483	c00cc161	2014-09-11 07:00:10.372368	1	f	97	\\xc00cc161	1	192.12.193.97
56	2009-11-04 13:40:57.487	c00cc171	2014-09-11 07:00:10.373095	1	f	113	\\xc00cc171	1	192.12.193.113
62	2009-11-04 13:40:57.527	c00cc120	2014-09-11 07:00:10.373848	1	f	32	\\xc00cc120	1	192.12.193.32
63	2009-11-04 13:40:57.553	c00cc164	2014-09-11 07:00:10.375291	1	f	100	\\xc00cc164	1	192.12.193.100
64	2009-11-04 13:40:57.556	c00cc10f	2014-09-11 07:00:10.376042	1	f	15	\\xc00cc10f	1	192.12.193.15
65	2009-11-04 13:40:57.56	c00cc14b	2014-09-11 07:00:10.376789	1	f	75	\\xc00cc14b	1	192.12.193.75
70	2009-11-04 13:40:57.611	c00cc153	2014-09-11 07:00:10.377485	1	f	83	\\xc00cc153	1	192.12.193.83
72	2009-11-04 13:40:57.619	c00cc10b	2014-09-11 07:00:10.37827	1	f	11	\\xc00cc10b	1	192.12.193.11
79	2009-11-04 13:40:57.695	c00cc141	2014-09-11 07:00:10.379022	1	f	65	\\xc00cc141	1	192.12.193.65
80	2009-11-04 13:40:57.698	c00cc172	2014-09-11 07:00:10.379734	1	f	114	\\xc00cc172	1	192.12.193.114
81	2009-11-04 13:40:57.702	c00cc110	2014-09-11 07:00:10.380457	1	f	16	\\xc00cc110	1	192.12.193.16
82	2009-11-04 13:40:57.706	c00cc15b	2014-09-11 07:00:10.381203	1	f	91	\\xc00cc15b	1	192.12.193.91
83	2009-11-04 13:40:57.71	c00cc125	2014-09-11 07:00:10.381957	1	f	37	\\xc00cc125	1	192.12.193.37
85	2009-11-04 13:40:57.717	c00cc173	2014-09-11 07:00:10.382669	1	f	115	\\xc00cc173	1	192.12.193.115
87	2009-11-04 13:40:57.756	c00cc17a	2014-09-11 07:00:10.383372	1	f	122	\\xc00cc17a	1	192.12.193.122
88	2009-11-04 13:40:57.76	c00cc11e	2014-09-11 07:00:10.384074	1	f	30	\\xc00cc11e	1	192.12.193.30
91	2009-11-04 13:40:57.771	c00cc159	2014-09-11 07:00:10.384791	1	f	89	\\xc00cc159	1	192.12.193.89
92	2009-11-04 13:40:57.774	c00cc12b	2014-09-11 07:00:10.38552	1	f	43	\\xc00cc12b	1	192.12.193.43
94	2009-11-04 13:40:57.781	c00cc114	2014-09-11 07:00:10.386976	1	f	20	\\xc00cc114	1	192.12.193.20
95	2009-11-04 13:40:57.785	c00cc14a	2014-09-11 07:00:10.387673	1	f	74	\\xc00cc14a	1	192.12.193.74
97	2009-11-04 13:40:57.825	c00cc158	2014-09-11 07:00:10.388401	1	f	88	\\xc00cc158	1	192.12.193.88
98	2009-11-04 13:40:57.83	c00cc163	2014-09-11 07:00:10.389097	1	f	99	\\xc00cc163	1	192.12.193.99
99	2009-11-04 13:40:57.835	c00cc145	2014-09-11 07:00:10.389788	1	f	69	\\xc00cc145	1	192.12.193.69
100	2009-11-04 13:40:57.839	c00cc175	2014-09-11 07:00:10.390509	1	f	117	\\xc00cc175	1	192.12.193.117
102	2009-11-04 13:40:57.847	c00cc17f	2014-09-11 07:00:10.392544	1	t	127	\\xc00cc17f	1	192.12.193.127
103	2009-11-04 13:40:57.881	c00cc13a	2014-09-11 07:00:10.393318	1	f	58	\\xc00cc13a	1	192.12.193.58
106	2009-11-04 13:40:57.891	c00cc109	2014-09-11 07:00:10.394009	1	f	9	\\xc00cc109	1	192.12.193.9
107	2009-11-04 13:40:57.894	c00cc150	2014-09-11 07:00:10.394719	1	f	80	\\xc00cc150	1	192.12.193.80
110	2009-11-04 13:40:57.903	c00cc101	2014-09-11 07:00:10.395417	1	t	1	\\xc00cc101	1	192.12.193.1
114	2009-11-04 13:40:57.915	c00cc124	2014-09-11 07:00:10.396138	1	f	36	\\xc00cc124	1	192.12.193.36
115	2009-11-04 13:40:57.918	c00cc100	2014-09-11 07:00:10.396828	1	t	0	\\xc00cc100	1	192.12.193.0
119	2009-11-04 13:40:57.943	c00cc122	2014-09-11 07:00:10.397641	1	f	34	\\xc00cc122	1	192.12.193.34
121	2009-11-04 13:40:57.949	c00cc129	2014-09-11 07:00:10.398408	1	f	41	\\xc00cc129	1	192.12.193.41
124	2009-11-04 13:40:57.959	c00cc177	2014-09-11 07:00:10.399854	1	f	119	\\xc00cc177	1	192.12.193.119
126	2009-11-04 13:40:57.969	c00cc154	2014-09-11 07:00:10.401374	1	f	84	\\xc00cc154	1	192.12.193.84
127	2009-11-04 13:40:57.973	c00cc142	2014-09-11 07:00:10.40212	1	f	66	\\xc00cc142	1	192.12.193.66
128	2009-11-04 13:40:57.976	c00cc135	2014-09-11 07:00:10.402842	1	f	53	\\xc00cc135	1	192.12.193.53
131	2009-11-09 13:10:50.382	c0a811ed	2014-09-11 07:00:10.404344	2	f	237	\\xc0a811ed	1	192.168.17.237
132	2009-11-09 13:10:50.386	c0a811cc	2014-09-11 07:00:10.405066	2	f	204	\\xc0a811cc	1	192.168.17.204
133	2009-11-09 13:10:50.389	c0a81141	2014-09-11 07:00:10.405842	2	f	65	\\xc0a81141	1	192.168.17.65
134	2009-11-09 13:10:50.394	c0a81123	2014-09-11 07:00:10.406618	2	f	35	\\xc0a81123	1	192.168.17.35
135	2009-11-09 13:10:50.397	c0a81165	2014-09-11 07:00:10.407331	2	f	101	\\xc0a81165	1	192.168.17.101
136	2009-11-09 13:10:50.402	c0a81151	2014-09-11 07:00:10.408037	2	f	81	\\xc0a81151	1	192.168.17.81
137	2009-11-09 13:10:50.407	c0a811c8	2014-09-11 07:00:10.408755	2	f	200	\\xc0a811c8	1	192.168.17.200
138	2009-11-09 13:10:50.411	c0a8112b	2014-09-11 07:00:10.409493	2	f	43	\\xc0a8112b	1	192.168.17.43
139	2009-11-09 13:10:50.414	c0a81109	2014-09-11 07:00:10.410349	2	f	9	\\xc0a81109	1	192.168.17.9
140	2009-11-09 13:10:50.419	c0a811d6	2014-09-11 07:00:10.411155	2	f	214	\\xc0a811d6	1	192.168.17.214
141	2009-11-09 13:10:50.423	c0a811ef	2014-09-11 07:00:10.411927	2	f	239	\\xc0a811ef	1	192.168.17.239
142	2009-11-09 13:10:50.426	c0a8112d	2014-09-11 07:00:10.412697	2	f	45	\\xc0a8112d	1	192.168.17.45
143	2009-11-09 13:10:50.433	c0a81119	2014-09-11 07:00:10.413474	2	f	25	\\xc0a81119	1	192.168.17.25
144	2009-11-09 13:10:50.441	c0a81177	2014-09-11 07:00:10.414284	2	f	119	\\xc0a81177	1	192.168.17.119
145	2009-11-09 13:10:50.448	c0a81169	2014-09-11 07:00:10.415246	2	f	105	\\xc0a81169	1	192.168.17.105
146	2009-11-09 13:10:50.451	c0a81128	2014-09-11 07:00:10.416235	2	f	40	\\xc0a81128	1	192.168.17.40
148	2009-11-09 13:10:50.459	c0a81134	2014-09-11 07:00:10.417757	2	f	52	\\xc0a81134	1	192.168.17.52
149	2009-11-09 13:10:50.462	c0a8116f	2014-09-11 07:00:10.418523	2	f	111	\\xc0a8116f	1	192.168.17.111
147	2009-11-09 13:10:50.456	c0a81111	2015-07-24 08:58:52.962653	2	t	17	\\xc0a81111	2	192.168.17.17
93	2009-11-04 13:40:57.778	c00cc17e	2016-07-06 14:32:11.428111	1	t	126	\\xc00cc17e	2	192.12.193.126
150	2009-11-09 13:10:50.465	c0a8118d	2014-09-11 07:00:10.419271	2	f	141	\\xc0a8118d	1	192.168.17.141
130	2009-11-09 13:10:50.378	c0a81105	2017-09-14 07:31:40.219875	2	t	5	\\xc0a81105	2	192.168.17.5
42	2009-11-04 13:40:57.408	c00cc113	2017-09-18 13:42:40.273832	1	t	19	\\xc00cc113	2	192.12.193.19
101	2009-11-04 13:40:57.843	c00cc119	2017-09-20 12:07:50.25927	1	t	25	\\xc00cc119	2	192.12.193.25
151	2009-11-09 13:10:50.468	c0a811f0	2014-09-11 07:00:10.419974	2	f	240	\\xc0a811f0	1	192.168.17.240
152	2009-11-09 13:10:50.471	c0a811a7	2014-09-11 07:00:10.420694	2	f	167	\\xc0a811a7	1	192.168.17.167
153	2009-11-09 13:10:50.475	c0a81176	2014-09-11 07:00:10.421561	2	f	118	\\xc0a81176	1	192.168.17.118
154	2009-11-09 13:10:50.478	c0a811f8	2014-09-11 07:00:10.422325	2	f	248	\\xc0a811f8	1	192.168.17.248
155	2009-11-09 13:10:50.482	c0a8113e	2014-09-11 07:00:10.423207	2	f	62	\\xc0a8113e	1	192.168.17.62
156	2009-11-09 13:10:50.485	c0a81132	2014-09-11 07:00:10.424206	2	f	50	\\xc0a81132	1	192.168.17.50
161	2009-11-09 13:10:50.501	c0a81163	2014-09-11 07:00:10.427283	2	f	99	\\xc0a81163	1	192.168.17.99
162	2009-11-09 13:10:50.505	c0a81182	2014-09-11 07:00:10.428158	2	f	130	\\xc0a81182	1	192.168.17.130
163	2009-11-09 13:10:50.508	c0a81168	2014-09-11 07:00:10.42897	2	f	104	\\xc0a81168	1	192.168.17.104
164	2009-11-09 13:10:50.511	c0a81181	2014-09-11 07:00:10.429779	2	f	129	\\xc0a81181	1	192.168.17.129
166	2009-11-09 13:10:50.518	c0a8117d	2014-09-11 07:00:10.431345	2	f	125	\\xc0a8117d	1	192.168.17.125
167	2009-11-09 13:10:50.521	c0a81188	2014-09-11 07:00:10.43215	2	f	136	\\xc0a81188	1	192.168.17.136
168	2009-11-09 13:10:50.525	c0a81192	2014-09-11 07:00:10.432929	2	f	146	\\xc0a81192	1	192.168.17.146
169	2009-11-09 13:10:50.529	c0a811f4	2014-09-11 07:00:10.433691	2	f	244	\\xc0a811f4	1	192.168.17.244
171	2009-11-09 13:10:50.536	c0a811d5	2014-09-11 07:00:10.437177	2	f	213	\\xc0a811d5	1	192.168.17.213
172	2009-11-09 13:10:50.539	c0a811cb	2014-09-11 07:00:10.438981	2	f	203	\\xc0a811cb	1	192.168.17.203
173	2009-11-09 13:10:50.542	c0a811b5	2014-09-11 07:00:10.440604	2	f	181	\\xc0a811b5	1	192.168.17.181
174	2009-11-09 13:10:50.546	c0a81122	2014-09-11 07:00:10.441757	2	f	34	\\xc0a81122	1	192.168.17.34
175	2009-11-09 13:10:50.549	c0a811dc	2014-09-11 07:00:10.443858	2	f	220	\\xc0a811dc	1	192.168.17.220
176	2009-11-09 13:10:50.552	c0a811ae	2014-09-11 07:00:10.445217	2	f	174	\\xc0a811ae	1	192.168.17.174
177	2009-11-09 13:10:50.556	c0a811fd	2014-09-11 07:00:10.447167	2	f	253	\\xc0a811fd	1	192.168.17.253
178	2009-11-09 13:10:50.559	c0a81101	2014-09-11 07:00:10.448491	2	t	1	\\xc0a81101	1	192.168.17.1
179	2009-11-09 13:10:50.563	c0a81117	2014-09-11 07:00:10.449552	2	f	23	\\xc0a81117	1	192.168.17.23
180	2009-11-09 13:10:50.566	c0a81115	2014-09-11 07:00:10.45028	2	f	21	\\xc0a81115	1	192.168.17.21
181	2009-11-09 13:10:50.569	c0a811ce	2014-09-11 07:00:10.451085	2	f	206	\\xc0a811ce	1	192.168.17.206
182	2009-11-09 13:10:50.572	c0a8110b	2014-09-11 07:00:10.451998	2	f	11	\\xc0a8110b	1	192.168.17.11
183	2009-11-09 13:10:50.575	c0a811b2	2014-09-11 07:00:10.452751	2	f	178	\\xc0a811b2	1	192.168.17.178
184	2009-11-09 13:10:50.578	c0a8119d	2014-09-11 07:00:10.453503	2	f	157	\\xc0a8119d	1	192.168.17.157
185	2009-11-09 13:10:50.58	c0a81137	2014-09-11 07:00:10.454246	2	f	55	\\xc0a81137	1	192.168.17.55
186	2009-11-09 13:10:50.584	c0a81170	2014-09-11 07:00:10.454971	2	f	112	\\xc0a81170	1	192.168.17.112
187	2009-11-09 13:10:50.587	c0a8117e	2014-09-11 07:00:10.45574	2	f	126	\\xc0a8117e	1	192.168.17.126
188	2009-11-09 13:10:50.59	c0a811d4	2014-09-11 07:00:10.456498	2	f	212	\\xc0a811d4	1	192.168.17.212
189	2009-11-09 13:10:50.593	c0a8114e	2014-09-11 07:00:10.457266	2	f	78	\\xc0a8114e	1	192.168.17.78
190	2009-11-09 13:10:50.596	c0a811d2	2014-09-11 07:00:10.457992	2	f	210	\\xc0a811d2	1	192.168.17.210
191	2009-11-09 13:10:50.599	c0a81143	2014-09-11 07:00:10.458775	2	f	67	\\xc0a81143	1	192.168.17.67
192	2009-11-09 13:10:50.602	c0a811f7	2014-09-11 07:00:10.45953	2	f	247	\\xc0a811f7	1	192.168.17.247
193	2009-11-09 13:10:50.605	c0a811c0	2014-09-11 07:00:10.460383	2	f	192	\\xc0a811c0	1	192.168.17.192
194	2009-11-09 13:10:50.608	c0a81150	2014-09-11 07:00:10.46121	2	f	80	\\xc0a81150	1	192.168.17.80
195	2009-11-09 13:10:50.611	c0a8115c	2014-09-11 07:00:10.462042	2	f	92	\\xc0a8115c	1	192.168.17.92
196	2009-11-09 13:10:50.614	c0a81148	2014-09-11 07:00:10.462853	2	f	72	\\xc0a81148	1	192.168.17.72
197	2009-11-09 13:10:50.617	c0a8110a	2014-09-11 07:00:10.463602	2	f	10	\\xc0a8110a	1	192.168.17.10
199	2009-11-09 13:10:50.623	c0a8119b	2014-09-11 07:00:10.465128	2	f	155	\\xc0a8119b	1	192.168.17.155
200	2009-11-09 13:10:50.626	c0a81130	2014-09-11 07:00:10.465856	2	f	48	\\xc0a81130	1	192.168.17.48
201	2009-11-09 13:10:50.629	c0a8114b	2014-09-11 07:00:10.466626	2	f	75	\\xc0a8114b	1	192.168.17.75
202	2009-11-09 13:10:50.632	c0a81147	2014-09-11 07:00:10.467498	2	f	71	\\xc0a81147	1	192.168.17.71
203	2009-11-09 13:10:50.636	c0a81178	2014-09-11 07:00:10.468287	2	f	120	\\xc0a81178	1	192.168.17.120
204	2009-11-09 13:10:50.64	c0a81191	2014-09-11 07:00:10.469041	2	f	145	\\xc0a81191	1	192.168.17.145
205	2009-11-09 13:10:50.643	c0a8115b	2014-09-11 07:00:10.469823	2	f	91	\\xc0a8115b	1	192.168.17.91
206	2009-11-09 13:10:50.646	c0a81108	2014-09-11 07:00:10.470569	2	f	8	\\xc0a81108	1	192.168.17.8
207	2009-11-09 13:10:50.65	c0a81184	2014-09-11 07:00:10.471318	2	f	132	\\xc0a81184	1	192.168.17.132
208	2009-11-09 13:10:50.654	c0a81125	2014-09-11 07:00:10.472084	2	f	37	\\xc0a81125	1	192.168.17.37
209	2009-11-09 13:10:50.658	c0a8111c	2014-09-11 07:00:10.472812	2	f	28	\\xc0a8111c	1	192.168.17.28
210	2009-11-09 13:10:50.662	c0a8116b	2014-09-11 07:00:10.473523	2	f	107	\\xc0a8116b	1	192.168.17.107
211	2009-11-09 13:10:50.665	c0a811fa	2014-09-11 07:00:10.474234	2	f	250	\\xc0a811fa	1	192.168.17.250
212	2009-11-09 13:10:50.668	c0a81138	2014-09-11 07:00:10.475091	2	f	56	\\xc0a81138	1	192.168.17.56
213	2009-11-09 13:10:50.671	c0a81161	2014-09-11 07:00:10.475987	2	f	97	\\xc0a81161	1	192.168.17.97
214	2009-11-09 13:10:50.674	c0a811ac	2014-09-11 07:00:10.476805	2	f	172	\\xc0a811ac	1	192.168.17.172
216	2009-11-09 13:10:50.682	c0a8115a	2014-09-11 07:00:10.477585	2	f	90	\\xc0a8115a	1	192.168.17.90
217	2009-11-09 13:10:50.685	c0a811c9	2014-09-11 07:00:10.478369	2	f	201	\\xc0a811c9	1	192.168.17.201
218	2009-11-09 13:10:50.689	c0a811ca	2014-09-11 07:00:10.47917	2	f	202	\\xc0a811ca	1	192.168.17.202
219	2009-11-09 13:10:50.692	c0a8110e	2014-09-11 07:00:10.479947	2	f	14	\\xc0a8110e	1	192.168.17.14
220	2009-11-09 13:10:50.695	c0a81179	2014-09-11 07:00:10.480764	2	f	121	\\xc0a81179	1	192.168.17.121
221	2009-11-09 13:10:50.698	c0a811a6	2014-09-11 07:00:10.481541	2	f	166	\\xc0a811a6	1	192.168.17.166
157	2009-11-09 13:10:50.488	c0a81106	2015-07-03 13:37:28.241793	2	t	6	\\xc0a81106	2	192.168.17.6
224	2009-11-09 13:10:50.707	c0a811b6	2014-09-11 07:00:10.483114	2	f	182	\\xc0a811b6	1	192.168.17.182
165	2009-11-09 13:10:50.514	c0a811c6	2017-05-12 05:33:57.234942	2	t	198	\\xc0a811c6	2	192.168.17.198
170	2009-11-09 13:10:50.532	c0a811c7	2017-05-12 05:34:44.008013	2	t	199	\\xc0a811c7	2	192.168.17.199
198	2009-11-09 13:10:50.62	c0a81104	2017-09-14 07:30:52.262262	2	t	4	\\xc0a81104	4	192.168.17.4
158	2009-11-09 13:10:50.492	c0a81107	2017-10-31 14:28:16.023489	2	t	7	\\xc0a81107	2	192.168.17.7
225	2009-11-09 13:10:50.71	c0a811f1	2014-09-11 07:00:10.483866	2	f	241	\\xc0a811f1	1	192.168.17.241
227	2009-11-09 13:10:50.717	c0a8113c	2014-09-11 07:00:10.484594	2	f	60	\\xc0a8113c	1	192.168.17.60
228	2009-11-09 13:10:50.72	c0a811a4	2014-09-11 07:00:10.485335	2	f	164	\\xc0a811a4	1	192.168.17.164
229	2009-11-09 13:10:50.723	c0a8114a	2014-09-11 07:00:10.486058	2	f	74	\\xc0a8114a	1	192.168.17.74
231	2009-11-09 13:10:50.729	c0a8117b	2014-09-11 07:00:10.486785	2	f	123	\\xc0a8117b	1	192.168.17.123
232	2009-11-09 13:10:50.732	c0a811bb	2014-09-11 07:00:10.487554	2	f	187	\\xc0a811bb	1	192.168.17.187
233	2009-11-09 13:10:50.735	c0a81156	2014-09-11 07:00:10.488287	2	f	86	\\xc0a81156	1	192.168.17.86
235	2009-11-09 13:10:50.741	c0a811aa	2014-09-11 07:00:10.489793	2	f	170	\\xc0a811aa	1	192.168.17.170
236	2009-11-09 13:10:50.744	c0a811d8	2014-09-11 07:00:10.490647	2	f	216	\\xc0a811d8	1	192.168.17.216
237	2009-11-09 13:10:50.747	c0a81183	2014-09-11 07:00:10.49143	2	f	131	\\xc0a81183	1	192.168.17.131
238	2009-11-09 13:10:50.75	c0a81112	2014-09-11 07:00:10.49217	2	f	18	\\xc0a81112	1	192.168.17.18
239	2009-11-09 13:10:50.753	c0a8119e	2014-09-11 07:00:10.492918	2	f	158	\\xc0a8119e	1	192.168.17.158
240	2009-11-09 13:10:50.756	c0a81193	2014-09-11 07:00:10.493659	2	f	147	\\xc0a81193	1	192.168.17.147
241	2009-11-09 13:10:50.758	c0a811b4	2014-09-11 07:00:10.494429	2	f	180	\\xc0a811b4	1	192.168.17.180
242	2009-11-09 13:10:50.761	c0a81129	2014-09-11 07:00:10.495228	2	f	41	\\xc0a81129	1	192.168.17.41
243	2009-11-09 13:10:50.764	c0a81199	2014-09-11 07:00:10.495934	2	f	153	\\xc0a81199	1	192.168.17.153
244	2009-11-09 13:10:50.767	c0a8118e	2014-09-11 07:00:10.496709	2	f	142	\\xc0a8118e	1	192.168.17.142
245	2009-11-09 13:10:50.772	c0a811c5	2014-09-11 07:00:10.497462	2	f	197	\\xc0a811c5	1	192.168.17.197
246	2009-11-09 13:10:50.775	c0a81162	2014-09-11 07:00:10.498242	2	f	98	\\xc0a81162	1	192.168.17.98
247	2009-11-09 13:10:50.778	c0a811bc	2014-09-11 07:00:10.499055	2	f	188	\\xc0a811bc	1	192.168.17.188
248	2009-11-09 13:10:50.781	c0a8114f	2014-09-11 07:00:10.499819	2	f	79	\\xc0a8114f	1	192.168.17.79
249	2009-11-09 13:10:50.785	c0a8116a	2014-09-11 07:00:10.500593	2	f	106	\\xc0a8116a	1	192.168.17.106
250	2009-11-09 13:10:50.788	c0a811b0	2014-09-11 07:00:10.501366	2	f	176	\\xc0a811b0	1	192.168.17.176
251	2009-11-09 13:10:50.791	c0a8115e	2014-09-11 07:00:10.502126	2	f	94	\\xc0a8115e	1	192.168.17.94
252	2009-11-09 13:10:50.795	c0a811ba	2014-09-11 07:00:10.502864	2	f	186	\\xc0a811ba	1	192.168.17.186
253	2009-11-09 13:10:50.798	c0a81131	2014-09-11 07:00:10.503627	2	f	49	\\xc0a81131	1	192.168.17.49
254	2009-11-09 13:10:50.801	c0a8113f	2014-09-11 07:00:10.504389	2	f	63	\\xc0a8113f	1	192.168.17.63
255	2009-11-09 13:10:50.804	c0a8113b	2014-09-11 07:00:10.505131	2	f	59	\\xc0a8113b	1	192.168.17.59
256	2009-11-09 13:10:50.807	c0a81175	2014-09-11 07:00:10.505869	2	f	117	\\xc0a81175	1	192.168.17.117
257	2009-11-09 13:10:50.81	c0a81160	2014-09-11 07:00:10.506616	2	f	96	\\xc0a81160	1	192.168.17.96
258	2009-11-09 13:10:50.814	c0a81174	2014-09-11 07:00:10.507366	2	f	116	\\xc0a81174	1	192.168.17.116
259	2009-11-09 13:10:50.817	c0a81135	2014-09-11 07:00:10.50817	2	f	53	\\xc0a81135	1	192.168.17.53
260	2009-11-09 13:10:50.819	c0a811d1	2014-09-11 07:00:10.508903	2	f	209	\\xc0a811d1	1	192.168.17.209
261	2009-11-09 13:10:50.823	c0a811a0	2014-09-11 07:00:10.509662	2	f	160	\\xc0a811a0	1	192.168.17.160
262	2009-11-09 13:10:50.826	c0a811a8	2014-09-11 07:00:10.510438	2	f	168	\\xc0a811a8	1	192.168.17.168
263	2009-11-09 13:10:50.829	c0a81100	2014-09-11 07:00:10.511176	2	t	0	\\xc0a81100	1	192.168.17.0
264	2009-11-09 13:10:50.832	c0a8119c	2014-09-11 07:00:10.511924	2	f	156	\\xc0a8119c	1	192.168.17.156
265	2009-11-09 13:10:50.835	c0a811c1	2014-09-11 07:00:10.512649	2	f	193	\\xc0a811c1	1	192.168.17.193
266	2009-11-09 13:10:50.838	c0a81154	2014-09-11 07:00:10.513415	2	f	84	\\xc0a81154	1	192.168.17.84
267	2009-11-09 13:10:50.841	c0a81186	2014-09-11 07:00:10.514212	2	f	134	\\xc0a81186	1	192.168.17.134
268	2009-11-09 13:10:50.844	c0a811e2	2014-09-11 07:00:10.514964	2	f	226	\\xc0a811e2	1	192.168.17.226
270	2009-11-09 13:10:50.85	c0a8118f	2014-09-11 07:00:10.516499	2	f	143	\\xc0a8118f	1	192.168.17.143
271	2009-11-09 13:10:50.854	c0a81157	2014-09-11 07:00:10.517253	2	f	87	\\xc0a81157	1	192.168.17.87
272	2009-11-09 13:10:50.857	c0a811b9	2014-09-11 07:00:10.518076	2	f	185	\\xc0a811b9	1	192.168.17.185
273	2009-11-09 13:10:50.86	c0a8112c	2014-09-11 07:00:10.518825	2	f	44	\\xc0a8112c	1	192.168.17.44
274	2009-11-09 13:10:50.863	c0a8119f	2014-09-11 07:00:10.519559	2	f	159	\\xc0a8119f	1	192.168.17.159
276	2009-11-09 13:10:50.869	c0a811b7	2014-09-11 07:00:10.521312	2	f	183	\\xc0a811b7	1	192.168.17.183
277	2009-11-09 13:10:50.872	c0a811e9	2014-09-11 07:00:10.522058	2	f	233	\\xc0a811e9	1	192.168.17.233
278	2009-11-09 13:10:50.876	c0a811c2	2014-09-11 07:00:10.522802	2	f	194	\\xc0a811c2	1	192.168.17.194
279	2009-11-09 13:10:50.879	c0a811b3	2014-09-11 07:00:10.523559	2	f	179	\\xc0a811b3	1	192.168.17.179
280	2009-11-09 13:10:50.882	c0a81190	2014-09-11 07:00:10.524305	2	f	144	\\xc0a81190	1	192.168.17.144
281	2009-11-09 13:10:50.885	c0a8117a	2014-09-11 07:00:10.525148	2	f	122	\\xc0a8117a	1	192.168.17.122
282	2009-11-09 13:10:50.889	c0a81136	2014-09-11 07:00:10.525929	2	f	54	\\xc0a81136	1	192.168.17.54
283	2009-11-09 13:10:50.892	c0a8114c	2014-09-11 07:00:10.526729	2	f	76	\\xc0a8114c	1	192.168.17.76
287	2009-11-09 13:10:50.904	c0a81153	2014-09-11 07:00:10.527546	2	f	83	\\xc0a81153	1	192.168.17.83
288	2009-11-09 13:10:50.907	c0a811a9	2014-09-11 07:00:10.528341	2	f	169	\\xc0a811a9	1	192.168.17.169
289	2009-11-09 13:10:50.911	c0a811bf	2014-09-11 07:00:10.529109	2	f	191	\\xc0a811bf	1	192.168.17.191
290	2009-11-09 13:10:50.914	c0a81172	2014-09-11 07:00:10.529878	2	f	114	\\xc0a81172	1	192.168.17.114
291	2009-11-09 13:10:50.917	c0a811cf	2014-09-11 07:00:10.530643	2	f	207	\\xc0a811cf	1	192.168.17.207
292	2009-11-09 13:10:50.92	c0a81127	2014-09-11 07:00:10.531423	2	f	39	\\xc0a81127	1	192.168.17.39
293	2009-11-09 13:10:50.923	c0a811f6	2014-09-11 07:00:10.532163	2	f	246	\\xc0a811f6	1	192.168.17.246
295	2009-11-09 13:10:50.929	c0a8118c	2014-09-11 07:00:10.532927	2	f	140	\\xc0a8118c	1	192.168.17.140
296	2009-11-09 13:10:50.932	c0a811f5	2014-09-11 07:00:10.533691	2	f	245	\\xc0a811f5	1	192.168.17.245
297	2009-11-09 13:10:50.935	c0a811ab	2014-09-11 07:00:10.53446	2	f	171	\\xc0a811ab	1	192.168.17.171
298	2009-11-09 13:10:50.938	c0a811f3	2014-09-11 07:00:10.535209	2	f	243	\\xc0a811f3	1	192.168.17.243
299	2009-11-09 13:10:50.941	c0a81159	2014-09-11 07:00:10.535977	2	f	89	\\xc0a81159	1	192.168.17.89
300	2009-11-09 13:10:50.944	c0a8115d	2014-09-11 07:00:10.536764	2	f	93	\\xc0a8115d	1	192.168.17.93
301	2009-11-09 13:10:50.947	c0a811be	2014-09-11 07:00:10.53753	2	f	190	\\xc0a811be	1	192.168.17.190
275	2009-11-09 13:10:50.866	c0a8113a	2017-05-11 15:53:53.500838	2	t	58	\\xc0a8113a	2	192.168.17.58
302	2009-11-09 13:10:50.95	c0a81167	2014-09-11 07:00:10.546266	2	f	103	\\xc0a81167	1	192.168.17.103
303	2009-11-09 13:10:50.953	c0a8118a	2014-09-11 07:00:10.547151	2	f	138	\\xc0a8118a	1	192.168.17.138
304	2009-11-09 13:10:50.956	c0a81152	2014-09-11 07:00:10.548135	2	f	82	\\xc0a81152	1	192.168.17.82
305	2009-11-09 13:10:50.959	c0a81116	2014-09-11 07:00:10.54929	2	f	22	\\xc0a81116	1	192.168.17.22
307	2009-11-09 13:10:50.965	c0a81110	2014-09-11 07:00:10.550281	2	f	16	\\xc0a81110	1	192.168.17.16
308	2009-11-09 13:10:50.968	c0a8118b	2014-09-11 07:00:10.551281	2	f	139	\\xc0a8118b	1	192.168.17.139
310	2009-11-09 13:10:50.974	c0a811da	2014-09-11 07:00:10.552065	2	f	218	\\xc0a811da	1	192.168.17.218
311	2009-11-09 13:10:50.977	c0a8119a	2014-09-11 07:00:10.552855	2	f	154	\\xc0a8119a	1	192.168.17.154
312	2009-11-09 13:10:50.98	c0a8110f	2014-09-11 07:00:10.553641	2	f	15	\\xc0a8110f	1	192.168.17.15
313	2009-11-09 13:10:50.983	c0a81146	2014-09-11 07:00:10.554426	2	f	70	\\xc0a81146	1	192.168.17.70
314	2009-11-09 13:10:50.987	c0a8111e	2014-09-11 07:00:10.555253	2	f	30	\\xc0a8111e	1	192.168.17.30
315	2009-11-09 13:10:50.99	c0a8112a	2014-09-11 07:00:10.555993	2	f	42	\\xc0a8112a	1	192.168.17.42
316	2009-11-09 13:10:50.993	c0a811a5	2014-09-11 07:00:10.556719	2	f	165	\\xc0a811a5	1	192.168.17.165
317	2009-11-09 13:10:50.996	c0a811b1	2014-09-11 07:00:10.557434	2	f	177	\\xc0a811b1	1	192.168.17.177
318	2009-11-09 13:10:50.999	c0a8113d	2014-09-11 07:00:10.558142	2	f	61	\\xc0a8113d	1	192.168.17.61
319	2009-11-09 13:10:51.002	c0a81173	2014-09-11 07:00:10.558856	2	f	115	\\xc0a81173	1	192.168.17.115
320	2009-11-09 13:10:51.006	c0a81158	2014-09-11 07:00:10.559588	2	f	88	\\xc0a81158	1	192.168.17.88
321	2009-11-09 13:10:51.009	c0a81198	2014-09-11 07:00:10.560337	2	f	152	\\xc0a81198	1	192.168.17.152
322	2009-11-09 13:10:51.013	c0a81187	2014-09-11 07:00:10.561103	2	f	135	\\xc0a81187	1	192.168.17.135
323	2009-11-09 13:10:51.016	c0a811d0	2014-09-11 07:00:10.561829	2	f	208	\\xc0a811d0	1	192.168.17.208
324	2009-11-09 13:10:51.019	c0a811c4	2014-09-11 07:00:10.562543	2	f	196	\\xc0a811c4	1	192.168.17.196
325	2009-11-09 13:10:51.022	c0a81142	2014-09-11 07:00:10.563283	2	f	66	\\xc0a81142	1	192.168.17.66
326	2009-11-09 13:10:51.025	c0a811b8	2014-09-11 07:00:10.564029	2	f	184	\\xc0a811b8	1	192.168.17.184
327	2009-11-09 13:10:51.028	c0a8111a	2014-09-11 07:00:10.564829	2	f	26	\\xc0a8111a	1	192.168.17.26
328	2009-11-09 13:10:51.031	c0a81164	2014-09-11 07:00:10.565625	2	f	100	\\xc0a81164	1	192.168.17.100
329	2009-11-09 13:10:51.034	c0a8116e	2014-09-11 07:00:10.566329	2	f	110	\\xc0a8116e	1	192.168.17.110
330	2009-11-09 13:10:51.036	c0a81189	2014-09-11 07:00:10.567011	2	f	137	\\xc0a81189	1	192.168.17.137
331	2009-11-09 13:10:51.039	c0a811eb	2014-09-11 07:00:10.567749	2	f	235	\\xc0a811eb	1	192.168.17.235
332	2009-11-09 13:10:51.042	c0a811a2	2014-09-11 07:00:10.568495	2	f	162	\\xc0a811a2	1	192.168.17.162
333	2009-11-09 13:10:51.044	c0a811a3	2014-09-11 07:00:10.569194	2	f	163	\\xc0a811a3	1	192.168.17.163
334	2009-11-09 13:10:51.047	c0a81195	2014-09-11 07:00:10.569908	2	f	149	\\xc0a81195	1	192.168.17.149
335	2009-11-09 13:10:51.05	c0a8117f	2014-09-11 07:00:10.570606	2	f	127	\\xc0a8117f	1	192.168.17.127
338	2009-11-09 13:10:51.059	c0a811db	2014-09-11 07:00:10.571299	2	f	219	\\xc0a811db	1	192.168.17.219
339	2009-11-09 13:10:51.062	c0a81126	2014-09-11 07:00:10.572019	2	f	38	\\xc0a81126	1	192.168.17.38
340	2009-11-09 13:10:51.065	c0a8111d	2014-09-11 07:00:10.572731	2	f	29	\\xc0a8111d	1	192.168.17.29
341	2009-11-09 13:10:51.068	c0a811d3	2014-09-11 07:00:10.573412	2	f	211	\\xc0a811d3	1	192.168.17.211
342	2009-11-09 13:10:51.071	c0a811cd	2014-09-11 07:00:10.574215	2	f	205	\\xc0a811cd	1	192.168.17.205
343	2009-11-09 13:10:51.115	c0a811f2	2014-09-11 07:00:10.574932	2	f	242	\\xc0a811f2	1	192.168.17.242
344	2009-11-09 13:10:51.118	c0a811fe	2014-09-11 07:00:10.575638	2	f	254	\\xc0a811fe	1	192.168.17.254
345	2009-11-09 13:10:51.121	c0a811af	2014-09-11 07:00:10.576387	2	f	175	\\xc0a811af	1	192.168.17.175
346	2009-11-09 13:10:51.123	c0a81118	2014-09-11 07:00:10.577147	2	f	24	\\xc0a81118	1	192.168.17.24
347	2009-11-09 13:10:51.126	c0a8114d	2014-09-11 07:00:10.577949	2	f	77	\\xc0a8114d	1	192.168.17.77
348	2009-11-09 13:10:51.129	c0a81194	2014-09-11 07:00:10.578692	2	f	148	\\xc0a81194	1	192.168.17.148
349	2009-11-09 13:10:51.132	c0a81166	2014-09-11 07:00:10.579432	2	f	102	\\xc0a81166	1	192.168.17.102
350	2009-11-09 13:10:51.136	c0a81124	2014-09-11 07:00:10.580127	2	f	36	\\xc0a81124	1	192.168.17.36
351	2009-11-09 13:10:51.139	c0a811d7	2014-09-11 07:00:10.580911	2	f	215	\\xc0a811d7	1	192.168.17.215
352	2009-11-09 13:10:51.141	c0a8112f	2014-09-11 07:00:10.581822	2	f	47	\\xc0a8112f	1	192.168.17.47
355	2009-11-09 13:10:51.15	c0a81120	2014-09-11 07:00:10.582555	2	f	32	\\xc0a81120	1	192.168.17.32
358	2009-11-09 13:10:51.158	c0a811ee	2014-09-11 07:00:10.583947	2	f	238	\\xc0a811ee	1	192.168.17.238
359	2009-11-09 13:10:51.161	c0a81171	2014-09-11 07:00:10.584653	2	f	113	\\xc0a81171	1	192.168.17.113
360	2009-11-09 13:10:51.163	c0a81196	2014-09-11 07:00:10.585343	2	f	150	\\xc0a81196	1	192.168.17.150
361	2009-11-09 13:10:51.166	c0a81133	2014-09-11 07:00:10.586046	2	f	51	\\xc0a81133	1	192.168.17.51
362	2009-11-09 13:10:51.168	c0a811bd	2014-09-11 07:00:10.586744	2	f	189	\\xc0a811bd	1	192.168.17.189
363	2009-11-09 13:10:51.171	c0a811fc	2014-09-11 07:00:10.587477	2	f	252	\\xc0a811fc	1	192.168.17.252
364	2009-11-09 13:10:51.174	c0a8111f	2014-09-11 07:00:10.588191	2	f	31	\\xc0a8111f	1	192.168.17.31
365	2009-11-09 13:10:51.176	c0a811ec	2014-09-11 07:00:10.588888	2	f	236	\\xc0a811ec	1	192.168.17.236
366	2009-11-09 13:10:51.179	c0a8116c	2014-09-11 07:00:10.589594	2	f	108	\\xc0a8116c	1	192.168.17.108
367	2009-11-09 13:10:51.181	c0a8116d	2014-09-11 07:00:10.590372	2	f	109	\\xc0a8116d	1	192.168.17.109
368	2009-11-09 13:10:51.184	c0a811d9	2014-09-11 07:00:10.591068	2	f	217	\\xc0a811d9	1	192.168.17.217
369	2009-11-09 13:10:51.187	c0a811a1	2014-09-11 07:00:10.591854	2	f	161	\\xc0a811a1	1	192.168.17.161
370	2009-11-09 13:10:51.189	c0a81144	2014-09-11 07:00:10.592611	2	f	68	\\xc0a81144	1	192.168.17.68
371	2009-11-09 13:10:51.192	c0a8112e	2014-09-11 07:00:10.593321	2	f	46	\\xc0a8112e	1	192.168.17.46
372	2009-11-09 13:10:51.195	c0a81140	2014-09-11 07:00:10.594029	2	f	64	\\xc0a81140	1	192.168.17.64
373	2009-11-09 13:10:51.197	c0a81149	2014-09-11 07:00:10.594755	2	f	73	\\xc0a81149	1	192.168.17.73
374	2009-11-09 13:10:51.2	c0a811ad	2014-09-11 07:00:10.595472	2	f	173	\\xc0a811ad	1	192.168.17.173
375	2009-11-09 13:10:51.203	c0a81121	2014-09-11 07:00:10.59619	2	f	33	\\xc0a81121	1	192.168.17.33
376	2009-11-09 13:10:51.206	c0a8111b	2014-09-11 07:00:10.596957	2	f	27	\\xc0a8111b	1	192.168.17.27
377	2009-11-09 13:10:51.209	c0a811ff	2014-09-11 07:00:10.597701	2	t	255	\\xc0a811ff	1	192.168.17.255
378	2009-11-09 13:10:51.212	c0a811fb	2014-09-11 07:00:10.598504	2	f	251	\\xc0a811fb	1	192.168.17.251
379	2009-11-09 13:10:51.215	c0a81155	2014-09-11 07:00:10.599313	2	f	85	\\xc0a81155	1	192.168.17.85
380	2009-11-09 13:10:51.218	c0a811ea	2014-09-11 07:00:10.600187	2	f	234	\\xc0a811ea	1	192.168.17.234
381	2009-11-09 13:10:51.22	c0a811e1	2014-09-11 07:00:10.600987	2	f	225	\\xc0a811e1	1	192.168.17.225
382	2009-11-09 13:10:51.223	c0a81197	2014-09-11 07:00:10.601767	2	f	151	\\xc0a81197	1	192.168.17.151
383	2009-11-09 13:10:51.225	c0a81185	2014-09-11 07:00:10.602546	2	f	133	\\xc0a81185	1	192.168.17.133
384	2009-11-09 13:10:51.228	c0a811f9	2014-09-11 07:00:10.603376	2	f	249	\\xc0a811f9	1	192.168.17.249
386	2010-01-05 10:19:41.708	c00cc0ff	2014-09-11 07:00:10.605173	3	t	255	\\xc00cc0ff	1	192.12.192.255
387	2010-01-05 10:19:41.71	c00cc051	2014-09-11 07:00:10.60606	3	f	81	\\xc00cc051	1	192.12.192.81
388	2010-01-05 10:19:41.713	c00cc05f	2014-09-11 07:00:10.606924	3	f	95	\\xc00cc05f	1	192.12.192.95
389	2010-01-05 10:19:41.718	c00cc048	2014-09-11 07:00:10.607793	3	f	72	\\xc00cc048	1	192.12.192.72
390	2010-01-05 10:19:41.72	c00cc0e7	2014-09-11 07:00:10.608698	3	f	231	\\xc00cc0e7	1	192.12.192.231
391	2010-01-05 10:19:41.723	c00cc0f9	2014-09-11 07:00:10.610153	3	f	249	\\xc00cc0f9	1	192.12.192.249
392	2010-01-05 10:19:41.725	c00cc01d	2014-09-11 07:00:10.611293	3	f	29	\\xc00cc01d	1	192.12.192.29
393	2010-01-05 10:19:41.728	c00cc0f8	2014-09-11 07:00:10.612123	3	f	248	\\xc00cc0f8	1	192.12.192.248
394	2010-01-05 10:19:41.731	c00cc0b3	2014-09-11 07:00:10.612945	3	f	179	\\xc00cc0b3	1	192.12.192.179
395	2010-01-05 10:19:41.734	c00cc0fc	2014-09-11 07:00:10.613834	3	f	252	\\xc00cc0fc	1	192.12.192.252
396	2010-01-05 10:19:41.736	c00cc011	2014-09-11 07:00:10.614625	3	f	17	\\xc00cc011	1	192.12.192.17
397	2010-01-05 10:19:41.738	c00cc008	2014-09-11 07:00:10.615407	3	f	8	\\xc00cc008	1	192.12.192.8
398	2010-01-05 10:19:41.742	c00cc0ed	2014-09-11 07:00:10.616183	3	f	237	\\xc00cc0ed	1	192.12.192.237
399	2010-01-05 10:19:41.744	c00cc056	2014-09-11 07:00:10.616962	3	f	86	\\xc00cc056	1	192.12.192.86
400	2010-01-05 10:19:41.749	c00cc078	2014-09-11 07:00:10.617754	3	f	120	\\xc00cc078	1	192.12.192.120
401	2010-01-05 10:19:41.752	c00cc0e9	2014-09-11 07:00:10.618518	3	f	233	\\xc00cc0e9	1	192.12.192.233
402	2010-01-05 10:19:41.755	c00cc065	2014-09-11 07:00:10.619311	3	f	101	\\xc00cc065	1	192.12.192.101
403	2010-01-05 10:19:41.757	c00cc038	2014-09-11 07:00:10.620173	3	f	56	\\xc00cc038	1	192.12.192.56
404	2010-01-05 10:19:41.76	c00cc0bd	2014-09-11 07:00:10.620963	3	f	189	\\xc00cc0bd	1	192.12.192.189
405	2010-01-05 10:19:41.762	c00cc0e3	2014-09-11 07:00:10.621745	3	f	227	\\xc00cc0e3	1	192.12.192.227
406	2010-01-05 10:19:41.766	c00cc085	2014-09-11 07:00:10.622658	3	f	133	\\xc00cc085	1	192.12.192.133
407	2010-01-05 10:19:41.769	c00cc09e	2014-09-11 07:00:10.623469	3	f	158	\\xc00cc09e	1	192.12.192.158
408	2010-01-05 10:19:41.772	c00cc08f	2014-09-11 07:00:10.624237	3	f	143	\\xc00cc08f	1	192.12.192.143
409	2010-01-05 10:19:41.775	c00cc035	2014-09-11 07:00:10.625001	3	f	53	\\xc00cc035	1	192.12.192.53
410	2010-01-05 10:19:41.777	c00cc0dc	2014-09-11 07:00:10.625746	3	f	220	\\xc00cc0dc	1	192.12.192.220
411	2010-01-05 10:19:41.78	c00cc06b	2014-09-11 07:00:10.626493	3	f	107	\\xc00cc06b	1	192.12.192.107
412	2010-01-05 10:19:41.792	c00cc0da	2014-09-11 07:00:10.627229	3	f	218	\\xc00cc0da	1	192.12.192.218
413	2010-01-05 10:19:41.795	c00cc005	2014-09-11 07:00:10.627962	3	f	5	\\xc00cc005	1	192.12.192.5
414	2010-01-05 10:19:41.798	c00cc0ee	2014-09-11 07:00:10.628714	3	f	238	\\xc00cc0ee	1	192.12.192.238
415	2010-01-05 10:19:41.8	c00cc0a8	2014-09-11 07:00:10.629436	3	f	168	\\xc00cc0a8	1	192.12.192.168
416	2010-01-05 10:19:41.803	c00cc00e	2014-09-11 07:00:10.630176	3	f	14	\\xc00cc00e	1	192.12.192.14
417	2010-01-05 10:19:41.805	c00cc075	2014-09-11 07:00:10.630924	3	f	117	\\xc00cc075	1	192.12.192.117
418	2010-01-05 10:19:41.807	c00cc0ca	2014-09-11 07:00:10.631654	3	f	202	\\xc00cc0ca	1	192.12.192.202
419	2010-01-05 10:19:41.809	c00cc0c4	2014-09-11 07:00:10.632377	3	f	196	\\xc00cc0c4	1	192.12.192.196
420	2010-01-05 10:19:41.812	c00cc0e8	2014-09-11 07:00:10.633103	3	f	232	\\xc00cc0e8	1	192.12.192.232
421	2010-01-05 10:19:41.814	c00cc00f	2014-09-11 07:00:10.633829	3	f	15	\\xc00cc00f	1	192.12.192.15
422	2010-01-05 10:19:41.816	c00cc089	2014-09-11 07:00:10.634561	3	f	137	\\xc00cc089	1	192.12.192.137
423	2010-01-05 10:19:41.818	c00cc02d	2014-09-11 07:00:10.635295	3	f	45	\\xc00cc02d	1	192.12.192.45
424	2010-01-05 10:19:41.82	c00cc09f	2014-09-11 07:00:10.636016	3	f	159	\\xc00cc09f	1	192.12.192.159
425	2010-01-05 10:19:41.823	c00cc004	2014-09-11 07:00:10.636737	3	f	4	\\xc00cc004	1	192.12.192.4
426	2010-01-05 10:19:41.825	c00cc031	2014-09-11 07:00:10.637459	3	f	49	\\xc00cc031	1	192.12.192.49
427	2010-01-05 10:19:41.827	c00cc0ae	2014-09-11 07:00:10.638184	3	f	174	\\xc00cc0ae	1	192.12.192.174
428	2010-01-05 10:19:41.829	c00cc027	2014-09-11 07:00:10.638964	3	f	39	\\xc00cc027	1	192.12.192.39
429	2010-01-05 10:19:41.854	c00cc057	2014-09-11 07:00:10.63972	3	f	87	\\xc00cc057	1	192.12.192.87
430	2010-01-05 10:19:41.857	c00cc0d3	2014-09-11 07:00:10.640459	3	f	211	\\xc00cc0d3	1	192.12.192.211
431	2010-01-05 10:19:41.859	c00cc03a	2014-09-11 07:00:10.641186	3	f	58	\\xc00cc03a	1	192.12.192.58
432	2010-01-05 10:19:41.861	c00cc0fe	2014-09-11 07:00:10.641929	3	f	254	\\xc00cc0fe	1	192.12.192.254
433	2010-01-05 10:19:41.864	c00cc0cf	2014-09-11 07:00:10.642676	3	f	207	\\xc00cc0cf	1	192.12.192.207
434	2010-01-05 10:19:41.866	c00cc03e	2014-09-11 07:00:10.64341	3	f	62	\\xc00cc03e	1	192.12.192.62
435	2010-01-05 10:19:41.87	c00cc071	2014-09-11 07:00:10.644159	3	f	113	\\xc00cc071	1	192.12.192.113
436	2010-01-05 10:19:41.873	c00cc012	2014-09-11 07:00:10.644887	3	f	18	\\xc00cc012	1	192.12.192.18
437	2010-01-05 10:19:41.876	c00cc0dd	2014-09-11 07:00:10.645623	3	f	221	\\xc00cc0dd	1	192.12.192.221
438	2010-01-05 10:19:41.878	c00cc05c	2014-09-11 07:00:10.646375	3	f	92	\\xc00cc05c	1	192.12.192.92
439	2010-01-05 10:19:41.881	c00cc077	2014-09-11 07:00:10.647092	3	f	119	\\xc00cc077	1	192.12.192.119
440	2010-01-05 10:19:41.885	c00cc0f5	2014-09-11 07:00:10.64781	3	f	245	\\xc00cc0f5	1	192.12.192.245
441	2010-01-05 10:19:41.888	c00cc03b	2014-09-11 07:00:10.64855	3	f	59	\\xc00cc03b	1	192.12.192.59
442	2010-01-05 10:19:41.89	c00cc036	2014-09-11 07:00:10.649432	3	f	54	\\xc00cc036	1	192.12.192.54
443	2010-01-05 10:19:41.893	c00cc00c	2014-09-11 07:00:10.650165	3	f	12	\\xc00cc00c	1	192.12.192.12
444	2010-01-05 10:19:41.895	c00cc025	2014-09-11 07:00:10.650891	3	f	37	\\xc00cc025	1	192.12.192.37
445	2010-01-05 10:19:41.897	c00cc08a	2014-09-11 07:00:10.651604	3	f	138	\\xc00cc08a	1	192.12.192.138
446	2010-01-05 10:19:41.899	c00cc058	2014-09-11 07:00:10.652338	3	f	88	\\xc00cc058	1	192.12.192.88
447	2010-01-05 10:19:41.902	c00cc020	2014-09-11 07:00:10.653051	3	f	32	\\xc00cc020	1	192.12.192.32
448	2010-01-05 10:19:41.904	c00cc070	2014-09-11 07:00:10.653767	3	f	112	\\xc00cc070	1	192.12.192.112
449	2010-01-05 10:19:41.906	c00cc0d6	2014-09-11 07:00:10.654493	3	f	214	\\xc00cc0d6	1	192.12.192.214
450	2010-01-05 10:19:41.91	c00cc001	2014-09-11 07:00:10.655201	3	f	1	\\xc00cc001	1	192.12.192.1
451	2010-01-05 10:19:41.912	c00cc0c1	2014-09-11 07:00:10.655912	3	f	193	\\xc00cc0c1	1	192.12.192.193
452	2010-01-05 10:19:41.914	c00cc049	2014-09-11 07:00:10.656655	3	f	73	\\xc00cc049	1	192.12.192.73
453	2010-01-05 10:19:41.917	c00cc080	2014-09-11 07:00:10.657371	3	f	128	\\xc00cc080	1	192.12.192.128
454	2010-01-05 10:19:41.919	c00cc0ea	2014-09-11 07:00:10.658101	3	f	234	\\xc00cc0ea	1	192.12.192.234
455	2010-01-05 10:19:41.922	c00cc007	2014-09-11 07:00:10.658829	3	f	7	\\xc00cc007	1	192.12.192.7
456	2010-01-05 10:19:41.924	c00cc0df	2014-09-11 07:00:10.659551	3	f	223	\\xc00cc0df	1	192.12.192.223
457	2010-01-05 10:19:41.927	c00cc0aa	2014-09-11 07:00:10.660323	3	f	170	\\xc00cc0aa	1	192.12.192.170
458	2010-01-05 10:19:41.929	c00cc04c	2014-09-11 07:00:10.661053	3	f	76	\\xc00cc04c	1	192.12.192.76
459	2010-01-05 10:19:41.932	c00cc041	2014-09-11 07:00:10.661763	3	f	65	\\xc00cc041	1	192.12.192.65
460	2010-01-05 10:19:41.934	c00cc015	2014-09-11 07:00:10.662504	3	f	21	\\xc00cc015	1	192.12.192.21
461	2010-01-05 10:19:41.936	c00cc009	2014-09-11 07:00:10.663232	3	f	9	\\xc00cc009	1	192.12.192.9
462	2010-01-05 10:19:41.938	c00cc0b6	2014-09-11 07:00:10.66414	3	f	182	\\xc00cc0b6	1	192.12.192.182
463	2010-01-05 10:19:41.94	c00cc04a	2014-09-11 07:00:10.664867	3	f	74	\\xc00cc04a	1	192.12.192.74
464	2010-01-05 10:19:41.944	c00cc0d2	2014-09-11 07:00:10.665581	3	f	210	\\xc00cc0d2	1	192.12.192.210
465	2010-01-05 10:19:41.947	c00cc029	2014-09-11 07:00:10.666289	3	f	41	\\xc00cc029	1	192.12.192.41
466	2010-01-05 10:19:41.949	c00cc099	2014-09-11 07:00:10.666999	3	f	153	\\xc00cc099	1	192.12.192.153
467	2010-01-05 10:19:41.952	c00cc02a	2014-09-11 07:00:10.66773	3	f	42	\\xc00cc02a	1	192.12.192.42
468	2010-01-05 10:19:41.954	c00cc0bf	2014-09-11 07:00:10.668455	3	f	191	\\xc00cc0bf	1	192.12.192.191
469	2010-01-05 10:19:41.956	c00cc0f2	2014-09-11 07:00:10.669162	3	f	242	\\xc00cc0f2	1	192.12.192.242
470	2010-01-05 10:19:41.958	c00cc0cd	2014-09-11 07:00:10.669869	3	f	205	\\xc00cc0cd	1	192.12.192.205
471	2010-01-05 10:19:41.96	c00cc021	2014-09-11 07:00:10.670596	3	f	33	\\xc00cc021	1	192.12.192.33
472	2010-01-05 10:19:41.962	c00cc0a1	2014-09-11 07:00:10.671301	3	f	161	\\xc00cc0a1	1	192.12.192.161
473	2010-01-05 10:19:41.965	c00cc0a6	2014-09-11 07:00:10.672021	3	f	166	\\xc00cc0a6	1	192.12.192.166
474	2010-01-05 10:19:41.967	c00cc0b1	2014-09-11 07:00:10.672753	3	f	177	\\xc00cc0b1	1	192.12.192.177
475	2010-01-05 10:19:41.969	c00cc05b	2014-09-11 07:00:10.673471	3	f	91	\\xc00cc05b	1	192.12.192.91
476	2010-01-05 10:19:41.972	c00cc066	2014-09-11 07:00:10.674212	3	f	102	\\xc00cc066	1	192.12.192.102
477	2010-01-05 10:19:41.974	c00cc0ef	2014-09-11 07:00:10.674931	3	f	239	\\xc00cc0ef	1	192.12.192.239
478	2010-01-05 10:19:41.977	c00cc0a0	2014-09-11 07:00:10.675665	3	f	160	\\xc00cc0a0	1	192.12.192.160
479	2010-01-05 10:19:41.979	c00cc06e	2014-09-11 07:00:10.676389	3	f	110	\\xc00cc06e	1	192.12.192.110
480	2010-01-05 10:19:41.982	c00cc0fb	2014-09-11 07:00:10.677132	3	f	251	\\xc00cc0fb	1	192.12.192.251
481	2010-01-05 10:19:41.984	c00cc0d0	2014-09-11 07:00:10.677882	3	f	208	\\xc00cc0d0	1	192.12.192.208
482	2010-01-05 10:19:41.987	c00cc09c	2014-09-11 07:00:10.678728	3	f	156	\\xc00cc09c	1	192.12.192.156
483	2010-01-05 10:19:41.989	c00cc0c9	2014-09-11 07:00:10.679509	3	f	201	\\xc00cc0c9	1	192.12.192.201
484	2010-01-05 10:19:41.991	c00cc06a	2014-09-11 07:00:10.680268	3	f	106	\\xc00cc06a	1	192.12.192.106
485	2010-01-05 10:19:41.994	c00cc0c0	2014-09-11 07:00:10.680984	3	f	192	\\xc00cc0c0	1	192.12.192.192
486	2010-01-05 10:19:41.996	c00cc0f0	2014-09-11 07:00:10.681699	3	f	240	\\xc00cc0f0	1	192.12.192.240
487	2010-01-05 10:19:41.998	c00cc039	2014-09-11 07:00:10.682423	3	f	57	\\xc00cc039	1	192.12.192.57
488	2010-01-05 10:19:42	c00cc086	2014-09-11 07:00:10.683137	3	f	134	\\xc00cc086	1	192.12.192.134
489	2010-01-05 10:19:42.002	c00cc010	2014-09-11 07:00:10.683896	3	f	16	\\xc00cc010	1	192.12.192.16
490	2010-01-05 10:19:42.005	c00cc0cc	2014-09-11 07:00:10.684618	3	f	204	\\xc00cc0cc	1	192.12.192.204
491	2010-01-05 10:19:42.007	c00cc04e	2014-09-11 07:00:10.685332	3	f	78	\\xc00cc04e	1	192.12.192.78
492	2010-01-05 10:19:42.009	c00cc0ec	2014-09-11 07:00:10.686049	3	f	236	\\xc00cc0ec	1	192.12.192.236
493	2010-01-05 10:19:42.011	c00cc0bc	2014-09-11 07:00:10.68677	3	f	188	\\xc00cc0bc	1	192.12.192.188
494	2010-01-05 10:19:42.014	c00cc0e1	2014-09-11 07:00:10.687487	3	f	225	\\xc00cc0e1	1	192.12.192.225
495	2010-01-05 10:19:42.016	c00cc05d	2014-09-11 07:00:10.688208	3	f	93	\\xc00cc05d	1	192.12.192.93
496	2010-01-05 10:19:42.018	c00cc01f	2014-09-11 07:00:10.68895	3	f	31	\\xc00cc01f	1	192.12.192.31
497	2010-01-05 10:19:42.02	c00cc0ab	2014-09-11 07:00:10.689665	3	f	171	\\xc00cc0ab	1	192.12.192.171
498	2010-01-05 10:19:42.024	c00cc0d5	2014-09-11 07:00:10.690405	3	f	213	\\xc00cc0d5	1	192.12.192.213
499	2010-01-05 10:19:42.026	c00cc0c8	2014-09-11 07:00:10.691111	3	f	200	\\xc00cc0c8	1	192.12.192.200
500	2010-01-05 10:19:42.028	c00cc0a9	2014-09-11 07:00:10.691814	3	f	169	\\xc00cc0a9	1	192.12.192.169
501	2010-01-05 10:19:42.03	c00cc030	2014-09-11 07:00:10.692521	3	f	48	\\xc00cc030	1	192.12.192.48
502	2010-01-05 10:19:42.032	c00cc0b9	2014-09-11 07:00:10.693245	3	f	185	\\xc00cc0b9	1	192.12.192.185
503	2010-01-05 10:19:42.035	c00cc076	2014-09-11 07:00:10.69397	3	f	118	\\xc00cc076	1	192.12.192.118
504	2010-01-05 10:19:42.037	c00cc059	2014-09-11 07:00:10.694681	3	f	89	\\xc00cc059	1	192.12.192.89
505	2010-01-05 10:19:42.039	c00cc03c	2014-09-11 07:00:10.69539	3	f	60	\\xc00cc03c	1	192.12.192.60
506	2010-01-05 10:19:42.041	c00cc08d	2014-09-11 07:00:10.696094	3	f	141	\\xc00cc08d	1	192.12.192.141
507	2010-01-05 10:19:42.043	c00cc0b7	2014-09-11 07:00:10.696836	3	f	183	\\xc00cc0b7	1	192.12.192.183
508	2010-01-05 10:19:42.045	c00cc08e	2014-09-11 07:00:10.697558	3	f	142	\\xc00cc08e	1	192.12.192.142
509	2010-01-05 10:19:42.048	c00cc0a2	2014-09-11 07:00:10.698286	3	f	162	\\xc00cc0a2	1	192.12.192.162
510	2010-01-05 10:19:42.05	c00cc014	2014-09-11 07:00:10.699026	3	f	20	\\xc00cc014	1	192.12.192.20
511	2010-01-05 10:19:42.052	c00cc08c	2014-09-11 07:00:10.699755	3	f	140	\\xc00cc08c	1	192.12.192.140
512	2010-01-05 10:19:42.054	c00cc0f6	2014-09-11 07:00:10.70048	3	f	246	\\xc00cc0f6	1	192.12.192.246
513	2010-01-05 10:19:42.056	c00cc053	2014-09-11 07:00:10.701197	3	f	83	\\xc00cc053	1	192.12.192.83
514	2010-01-05 10:19:42.059	c00cc07b	2014-09-11 07:00:10.701917	3	f	123	\\xc00cc07b	1	192.12.192.123
515	2010-01-05 10:19:42.062	c00cc0f4	2014-09-11 07:00:10.702662	3	f	244	\\xc00cc0f4	1	192.12.192.244
516	2010-01-05 10:19:42.065	c00cc003	2014-09-11 07:00:10.703419	3	f	3	\\xc00cc003	1	192.12.192.3
517	2010-01-05 10:19:42.067	c00cc0e5	2014-09-11 07:00:10.704252	3	f	229	\\xc00cc0e5	1	192.12.192.229
518	2010-01-05 10:19:42.069	c00cc046	2014-09-11 07:00:10.705018	3	f	70	\\xc00cc046	1	192.12.192.70
519	2010-01-05 10:19:42.071	c00cc068	2014-09-11 07:00:10.705772	3	f	104	\\xc00cc068	1	192.12.192.104
520	2010-01-05 10:19:42.074	c00cc0f7	2014-09-11 07:00:10.706518	3	f	247	\\xc00cc0f7	1	192.12.192.247
521	2010-01-05 10:19:42.076	c00cc082	2014-09-11 07:00:10.707245	3	f	130	\\xc00cc082	1	192.12.192.130
522	2010-01-05 10:19:42.078	c00cc07e	2014-09-11 07:00:10.708058	3	f	126	\\xc00cc07e	1	192.12.192.126
523	2010-01-05 10:19:42.08	c00cc0b5	2014-09-11 07:00:10.708793	3	f	181	\\xc00cc0b5	1	192.12.192.181
524	2010-01-05 10:19:42.083	c00cc0b2	2014-09-11 07:00:10.709537	3	f	178	\\xc00cc0b2	1	192.12.192.178
525	2010-01-05 10:19:42.085	c00cc0ad	2014-09-11 07:00:10.71026	3	f	173	\\xc00cc0ad	1	192.12.192.173
526	2010-01-05 10:19:42.087	c00cc0e4	2014-09-11 07:00:10.710977	3	f	228	\\xc00cc0e4	1	192.12.192.228
527	2010-01-05 10:19:42.089	c00cc0d7	2014-09-11 07:00:10.711699	3	f	215	\\xc00cc0d7	1	192.12.192.215
528	2010-01-05 10:19:42.091	c00cc0cb	2014-09-11 07:00:10.71243	3	f	203	\\xc00cc0cb	1	192.12.192.203
529	2010-01-05 10:19:42.094	c00cc0c7	2014-09-11 07:00:10.713148	3	f	199	\\xc00cc0c7	1	192.12.192.199
530	2010-01-05 10:19:42.096	c00cc079	2014-09-11 07:00:10.713861	3	f	121	\\xc00cc079	1	192.12.192.121
531	2010-01-05 10:19:42.098	c00cc0f1	2014-09-11 07:00:10.71468	3	f	241	\\xc00cc0f1	1	192.12.192.241
532	2010-01-05 10:19:42.1	c00cc060	2014-09-11 07:00:10.715429	3	f	96	\\xc00cc060	1	192.12.192.96
533	2010-01-05 10:19:42.102	c00cc0d1	2014-09-11 07:00:10.716129	3	f	209	\\xc00cc0d1	1	192.12.192.209
534	2010-01-05 10:19:42.105	c00cc032	2014-09-11 07:00:10.71684	3	f	50	\\xc00cc032	1	192.12.192.50
535	2010-01-05 10:19:42.107	c00cc0c3	2014-09-11 07:00:10.717571	3	f	195	\\xc00cc0c3	1	192.12.192.195
536	2010-01-05 10:19:42.109	c00cc01b	2014-09-11 07:00:10.718295	3	f	27	\\xc00cc01b	1	192.12.192.27
537	2010-01-05 10:19:42.111	c00cc045	2014-09-11 07:00:10.719016	3	f	69	\\xc00cc045	1	192.12.192.69
538	2010-01-05 10:19:42.114	c00cc0b4	2014-09-11 07:00:10.719749	3	f	180	\\xc00cc0b4	1	192.12.192.180
539	2010-01-05 10:19:42.116	c00cc00d	2014-09-11 07:00:10.720474	3	f	13	\\xc00cc00d	1	192.12.192.13
540	2010-01-05 10:19:42.118	c00cc01a	2014-09-11 07:00:10.7212	3	f	26	\\xc00cc01a	1	192.12.192.26
541	2010-01-05 10:19:42.12	c00cc0e0	2014-09-11 07:00:10.721906	3	f	224	\\xc00cc0e0	1	192.12.192.224
542	2010-01-05 10:19:42.124	c00cc07d	2014-09-11 07:00:10.722644	3	f	125	\\xc00cc07d	1	192.12.192.125
543	2010-01-05 10:19:42.126	c00cc081	2014-09-11 07:00:10.723357	3	f	129	\\xc00cc081	1	192.12.192.129
544	2010-01-05 10:19:42.129	c00cc0eb	2014-09-11 07:00:10.724073	3	f	235	\\xc00cc0eb	1	192.12.192.235
545	2010-01-05 10:19:42.131	c00cc095	2014-09-11 07:00:10.724803	3	f	149	\\xc00cc095	1	192.12.192.149
546	2010-01-05 10:19:42.133	c00cc01c	2014-09-11 07:00:10.725516	3	f	28	\\xc00cc01c	1	192.12.192.28
547	2010-01-05 10:19:42.136	c00cc02e	2014-09-11 07:00:10.726238	3	f	46	\\xc00cc02e	1	192.12.192.46
548	2010-01-05 10:19:42.138	c00cc03d	2014-09-11 07:00:10.726955	3	f	61	\\xc00cc03d	1	192.12.192.61
549	2010-01-05 10:19:42.14	c00cc026	2014-09-11 07:00:10.727706	3	f	38	\\xc00cc026	1	192.12.192.38
550	2010-01-05 10:19:42.142	c00cc043	2014-09-11 07:00:10.728423	3	f	67	\\xc00cc043	1	192.12.192.67
551	2010-01-05 10:19:42.144	c00cc050	2014-09-11 07:00:10.729141	3	f	80	\\xc00cc050	1	192.12.192.80
552	2010-01-05 10:19:42.147	c00cc09a	2014-09-11 07:00:10.729877	3	f	154	\\xc00cc09a	1	192.12.192.154
553	2010-01-05 10:19:42.149	c00cc0bb	2014-09-11 07:00:10.730614	3	f	187	\\xc00cc0bb	1	192.12.192.187
554	2010-01-05 10:19:42.151	c00cc03f	2014-09-11 07:00:10.731339	3	f	63	\\xc00cc03f	1	192.12.192.63
555	2010-01-05 10:19:42.154	c00cc0a7	2014-09-11 07:00:10.732089	3	f	167	\\xc00cc0a7	1	192.12.192.167
556	2010-01-05 10:19:42.156	c00cc084	2014-09-11 07:00:10.7328	3	f	132	\\xc00cc084	1	192.12.192.132
557	2010-01-05 10:19:42.158	c00cc0a4	2014-09-11 07:00:10.733507	3	f	164	\\xc00cc0a4	1	192.12.192.164
558	2010-01-05 10:19:42.16	c00cc040	2014-09-11 07:00:10.734246	3	f	64	\\xc00cc040	1	192.12.192.64
559	2010-01-05 10:19:42.162	c00cc0de	2014-09-11 07:00:10.734986	3	f	222	\\xc00cc0de	1	192.12.192.222
560	2010-01-05 10:19:42.165	c00cc016	2014-09-11 07:00:10.735713	3	f	22	\\xc00cc016	1	192.12.192.22
561	2010-01-05 10:19:42.167	c00cc09d	2014-09-11 07:00:10.736445	3	f	157	\\xc00cc09d	1	192.12.192.157
562	2010-01-05 10:19:42.169	c00cc023	2014-09-11 07:00:10.737183	3	f	35	\\xc00cc023	1	192.12.192.35
563	2010-01-05 10:19:42.171	c00cc091	2014-09-11 07:00:10.737936	3	f	145	\\xc00cc091	1	192.12.192.145
564	2010-01-05 10:19:42.174	c00cc01e	2014-09-11 07:00:10.738667	3	f	30	\\xc00cc01e	1	192.12.192.30
565	2010-01-05 10:19:42.176	c00cc06d	2014-09-11 07:00:10.739409	3	f	109	\\xc00cc06d	1	192.12.192.109
566	2010-01-05 10:19:42.178	c00cc047	2014-09-11 07:00:10.740134	3	f	71	\\xc00cc047	1	192.12.192.71
567	2010-01-05 10:19:42.18	c00cc0e6	2014-09-11 07:00:10.740858	3	f	230	\\xc00cc0e6	1	192.12.192.230
568	2010-01-05 10:19:42.182	c00cc04b	2014-09-11 07:00:10.741583	3	f	75	\\xc00cc04b	1	192.12.192.75
569	2010-01-05 10:19:42.185	c00cc093	2014-09-11 07:00:10.742336	3	f	147	\\xc00cc093	1	192.12.192.147
570	2010-01-05 10:19:42.187	c00cc055	2014-09-11 07:00:10.743068	3	f	85	\\xc00cc055	1	192.12.192.85
571	2010-01-05 10:19:42.189	c00cc074	2014-09-11 07:00:10.743799	3	f	116	\\xc00cc074	1	192.12.192.116
572	2010-01-05 10:19:42.191	c00cc0c2	2014-09-11 07:00:10.74452	3	f	194	\\xc00cc0c2	1	192.12.192.194
573	2010-01-05 10:19:42.193	c00cc067	2014-09-11 07:00:10.745249	3	f	103	\\xc00cc067	1	192.12.192.103
574	2010-01-05 10:19:42.196	c00cc073	2014-09-11 07:00:10.745968	3	f	115	\\xc00cc073	1	192.12.192.115
575	2010-01-05 10:19:42.198	c00cc006	2014-09-11 07:00:10.746747	3	f	6	\\xc00cc006	1	192.12.192.6
576	2010-01-05 10:19:42.2	c00cc018	2014-09-11 07:00:10.747524	3	f	24	\\xc00cc018	1	192.12.192.24
577	2010-01-05 10:19:42.203	c00cc062	2014-09-11 07:00:10.748267	3	f	98	\\xc00cc062	1	192.12.192.98
578	2010-01-05 10:19:42.206	c00cc05a	2014-09-11 07:00:10.749021	3	f	90	\\xc00cc05a	1	192.12.192.90
579	2010-01-05 10:19:42.208	c00cc098	2014-09-11 07:00:10.749773	3	f	152	\\xc00cc098	1	192.12.192.152
580	2010-01-05 10:19:42.211	c00cc02f	2014-09-11 07:00:10.750553	3	f	47	\\xc00cc02f	1	192.12.192.47
581	2010-01-05 10:19:42.213	c00cc090	2014-09-11 07:00:10.751348	3	f	144	\\xc00cc090	1	192.12.192.144
582	2010-01-05 10:19:42.215	c00cc0ac	2014-09-11 07:00:10.752136	3	f	172	\\xc00cc0ac	1	192.12.192.172
583	2010-01-05 10:19:42.217	c00cc04d	2014-09-11 07:00:10.752906	3	f	77	\\xc00cc04d	1	192.12.192.77
584	2010-01-05 10:19:42.219	c00cc002	2014-09-11 07:00:10.753676	3	f	2	\\xc00cc002	1	192.12.192.2
585	2010-01-05 10:19:42.222	c00cc02b	2014-09-11 07:00:10.754419	3	f	43	\\xc00cc02b	1	192.12.192.43
586	2010-01-05 10:19:42.224	c00cc0e2	2014-09-11 07:00:10.755172	3	f	226	\\xc00cc0e2	1	192.12.192.226
587	2010-01-05 10:19:42.226	c00cc072	2014-09-11 07:00:10.755981	3	f	114	\\xc00cc072	1	192.12.192.114
588	2010-01-05 10:19:42.228	c00cc0c6	2014-09-11 07:00:10.756709	3	f	198	\\xc00cc0c6	1	192.12.192.198
589	2010-01-05 10:19:42.231	c00cc00b	2014-09-11 07:00:10.757444	3	f	11	\\xc00cc00b	1	192.12.192.11
590	2010-01-05 10:19:42.233	c00cc069	2014-09-11 07:00:10.758184	3	f	105	\\xc00cc069	1	192.12.192.105
591	2010-01-05 10:19:42.235	c00cc088	2014-09-11 07:00:10.75892	3	f	136	\\xc00cc088	1	192.12.192.136
592	2010-01-05 10:19:42.237	c00cc0be	2014-09-11 07:00:10.759744	3	f	190	\\xc00cc0be	1	192.12.192.190
593	2010-01-05 10:19:42.24	c00cc06c	2014-09-11 07:00:10.760479	3	f	108	\\xc00cc06c	1	192.12.192.108
594	2010-01-05 10:19:42.243	c00cc054	2014-09-11 07:00:10.76122	3	f	84	\\xc00cc054	1	192.12.192.84
595	2010-01-05 10:19:42.245	c00cc0af	2014-09-11 07:00:10.761955	3	f	175	\\xc00cc0af	1	192.12.192.175
596	2010-01-05 10:19:42.247	c00cc000	2014-09-11 07:00:10.762674	3	t	0	\\xc00cc000	1	192.12.192.0
597	2010-01-05 10:19:42.249	c00cc0a3	2014-09-11 07:00:10.763401	3	f	163	\\xc00cc0a3	1	192.12.192.163
598	2010-01-05 10:19:42.252	c00cc019	2014-09-11 07:00:10.764139	3	f	25	\\xc00cc019	1	192.12.192.25
599	2010-01-05 10:19:42.254	c00cc0f3	2014-09-11 07:00:10.764851	3	f	243	\\xc00cc0f3	1	192.12.192.243
600	2010-01-05 10:19:42.256	c00cc034	2014-09-11 07:00:10.765595	3	f	52	\\xc00cc034	1	192.12.192.52
601	2010-01-05 10:19:42.258	c00cc064	2014-09-11 07:00:10.766323	3	f	100	\\xc00cc064	1	192.12.192.100
602	2010-01-05 10:19:42.26	c00cc0a5	2014-09-11 07:00:10.767057	3	f	165	\\xc00cc0a5	1	192.12.192.165
603	2010-01-05 10:19:42.263	c00cc0b8	2014-09-11 07:00:10.767787	3	f	184	\\xc00cc0b8	1	192.12.192.184
604	2010-01-05 10:19:42.265	c00cc022	2014-09-11 07:00:10.768507	3	f	34	\\xc00cc022	1	192.12.192.34
605	2010-01-05 10:19:42.267	c00cc094	2014-09-11 07:00:10.769261	3	f	148	\\xc00cc094	1	192.12.192.148
606	2010-01-05 10:19:42.269	c00cc033	2014-09-11 07:00:10.76999	3	f	51	\\xc00cc033	1	192.12.192.51
607	2010-01-05 10:19:42.272	c00cc087	2014-09-11 07:00:10.770713	3	f	135	\\xc00cc087	1	192.12.192.135
608	2010-01-05 10:19:42.275	c00cc07a	2014-09-11 07:00:10.771436	3	f	122	\\xc00cc07a	1	192.12.192.122
609	2010-01-05 10:19:42.277	c00cc02c	2014-09-11 07:00:10.772226	3	f	44	\\xc00cc02c	1	192.12.192.44
610	2010-01-05 10:19:42.279	c00cc083	2014-09-11 07:00:10.773045	3	f	131	\\xc00cc083	1	192.12.192.131
611	2010-01-05 10:19:42.282	c00cc042	2014-09-11 07:00:10.773827	3	f	66	\\xc00cc042	1	192.12.192.66
612	2010-01-05 10:19:42.284	c00cc0db	2014-09-11 07:00:10.774547	3	f	219	\\xc00cc0db	1	192.12.192.219
613	2010-01-05 10:19:42.287	c00cc05e	2014-09-11 07:00:10.77528	3	f	94	\\xc00cc05e	1	192.12.192.94
614	2010-01-05 10:19:42.29	c00cc06f	2014-09-11 07:00:10.776048	3	f	111	\\xc00cc06f	1	192.12.192.111
615	2010-01-05 10:19:42.292	c00cc0c5	2014-09-11 07:00:10.77678	3	f	197	\\xc00cc0c5	1	192.12.192.197
616	2010-01-05 10:19:42.294	c00cc00a	2014-09-11 07:00:10.777526	3	f	10	\\xc00cc00a	1	192.12.192.10
617	2010-01-05 10:19:42.297	c00cc044	2014-09-11 07:00:10.77827	3	f	68	\\xc00cc044	1	192.12.192.68
618	2010-01-05 10:19:42.299	c00cc08b	2014-09-11 07:00:10.779009	3	f	139	\\xc00cc08b	1	192.12.192.139
619	2010-01-05 10:19:42.301	c00cc028	2014-09-11 07:00:10.77978	3	f	40	\\xc00cc028	1	192.12.192.40
620	2010-01-05 10:19:42.304	c00cc013	2014-09-11 07:00:10.780573	3	f	19	\\xc00cc013	1	192.12.192.19
621	2010-01-05 10:19:42.307	c00cc061	2014-09-11 07:00:10.781346	3	f	97	\\xc00cc061	1	192.12.192.97
622	2010-01-05 10:19:42.309	c00cc096	2014-09-11 07:00:10.78213	3	f	150	\\xc00cc096	1	192.12.192.150
623	2010-01-05 10:19:42.311	c00cc0d9	2014-09-11 07:00:10.78289	3	f	217	\\xc00cc0d9	1	192.12.192.217
624	2010-01-05 10:19:42.314	c00cc04f	2014-09-11 07:00:10.783645	3	f	79	\\xc00cc04f	1	192.12.192.79
625	2010-01-05 10:19:42.316	c00cc052	2014-09-11 07:00:10.78437	3	f	82	\\xc00cc052	1	192.12.192.82
626	2010-01-05 10:19:42.319	c00cc07f	2014-09-11 07:00:10.785129	3	f	127	\\xc00cc07f	1	192.12.192.127
627	2010-01-05 10:19:42.321	c00cc0ce	2014-09-11 07:00:10.785854	3	f	206	\\xc00cc0ce	1	192.12.192.206
628	2010-01-05 10:19:42.324	c00cc0d4	2014-09-11 07:00:10.786587	3	f	212	\\xc00cc0d4	1	192.12.192.212
629	2010-01-05 10:19:42.326	c00cc017	2014-09-11 07:00:10.787316	3	f	23	\\xc00cc017	1	192.12.192.23
630	2010-01-05 10:19:42.329	c00cc037	2014-09-11 07:00:10.788058	3	f	55	\\xc00cc037	1	192.12.192.55
631	2010-01-05 10:19:42.331	c00cc09b	2014-09-11 07:00:10.788786	3	f	155	\\xc00cc09b	1	192.12.192.155
632	2010-01-05 10:19:42.334	c00cc0d8	2014-09-11 07:00:10.789501	3	f	216	\\xc00cc0d8	1	192.12.192.216
633	2010-01-05 10:19:42.336	c00cc063	2014-09-11 07:00:10.790247	3	f	99	\\xc00cc063	1	192.12.192.99
634	2010-01-05 10:19:42.338	c00cc07c	2014-09-11 07:00:10.790979	3	f	124	\\xc00cc07c	1	192.12.192.124
635	2010-01-05 10:19:42.34	c00cc024	2014-09-11 07:00:10.791699	3	f	36	\\xc00cc024	1	192.12.192.36
636	2010-01-05 10:19:42.377	c00cc0ba	2014-09-11 07:00:10.792424	3	f	186	\\xc00cc0ba	1	192.12.192.186
637	2010-01-05 10:19:42.379	c00cc092	2014-09-11 07:00:10.793149	3	f	146	\\xc00cc092	1	192.12.192.146
638	2010-01-05 10:19:42.381	c00cc0b0	2014-09-11 07:00:10.793891	3	f	176	\\xc00cc0b0	1	192.12.192.176
639	2010-01-05 10:19:42.384	c00cc0fa	2014-09-11 07:00:10.794616	3	f	250	\\xc00cc0fa	1	192.12.192.250
640	2010-01-05 10:19:42.386	c00cc097	2014-09-11 07:00:10.795343	3	f	151	\\xc00cc097	1	192.12.192.151
642	2010-11-16 15:05:36.148	c00cc147	2014-09-11 07:00:10.796082	1	f	71	\\xc00cc147	1	192.12.193.71
643	2010-11-16 15:05:36.271	c00cc15d	2014-09-11 07:00:10.796824	1	f	93	\\xc00cc15d	1	192.12.193.93
645	2010-11-16 15:05:36.423	c00cc166	2014-09-11 07:00:10.797534	1	f	102	\\xc00cc166	1	192.12.193.102
646	2010-11-16 15:05:36.512	c00cc16c	2014-09-11 07:00:10.798268	1	f	108	\\xc00cc16c	1	192.12.193.108
648	2010-11-16 15:06:12.135	c0a8110d	2014-09-11 07:00:10.799001	2	f	13	\\xc0a8110d	1	192.168.17.13
650	2010-11-26 17:45:46.604	c0a8130c	2014-09-11 07:00:10.799736	4	f	12	\\xc0a8130c	1	192.168.19.12
651	2010-11-26 17:45:46.663	c0a813cf	2014-09-11 07:00:10.800455	4	f	207	\\xc0a813cf	1	192.168.19.207
652	2010-11-26 17:45:46.707	c0a813c2	2014-09-11 07:00:10.801184	4	f	194	\\xc0a813c2	1	192.168.19.194
653	2010-11-26 17:45:46.748	c0a81355	2014-09-11 07:00:10.801912	4	f	85	\\xc0a81355	1	192.168.19.85
654	2010-11-26 17:45:46.789	c0a8132c	2014-09-11 07:00:10.802645	4	f	44	\\xc0a8132c	1	192.168.19.44
655	2010-11-26 17:45:46.828	c0a813b6	2014-09-11 07:00:10.803387	4	f	182	\\xc0a813b6	1	192.168.19.182
656	2010-11-26 17:45:46.874	c0a813c1	2014-09-11 07:00:10.804168	4	f	193	\\xc0a813c1	1	192.168.19.193
657	2010-11-26 17:45:46.925	c0a81350	2014-09-11 07:00:10.804912	4	f	80	\\xc0a81350	1	192.168.19.80
658	2010-11-26 17:45:46.974	c0a81351	2014-09-11 07:00:10.805647	4	f	81	\\xc0a81351	1	192.168.19.81
659	2010-11-26 17:45:47.023	c0a81354	2014-09-11 07:00:10.806397	4	f	84	\\xc0a81354	1	192.168.19.84
660	2010-11-26 17:45:47.074	c0a813b5	2014-09-11 07:00:10.807129	4	f	181	\\xc0a813b5	1	192.168.19.181
661	2010-11-26 17:45:47.173	c0a8134d	2014-09-11 07:00:10.807849	4	f	77	\\xc0a8134d	1	192.168.19.77
662	2010-11-26 17:45:47.234	c0a813e7	2014-09-11 07:00:10.808569	4	f	231	\\xc0a813e7	1	192.168.19.231
663	2010-11-26 17:45:47.318	c0a81356	2014-09-11 07:00:10.8093	4	f	86	\\xc0a81356	1	192.168.19.86
664	2010-11-26 17:45:47.367	c0a813f3	2014-09-11 07:00:10.81007	4	f	243	\\xc0a813f3	1	192.168.19.243
665	2010-11-26 17:45:47.411	c0a81380	2014-09-11 07:00:10.810797	4	f	128	\\xc0a81380	1	192.168.19.128
666	2010-11-26 17:45:47.451	c0a81342	2014-09-11 07:00:10.811521	4	f	66	\\xc0a81342	1	192.168.19.66
667	2010-11-26 17:45:47.491	c0a813e0	2014-09-11 07:00:10.812248	4	f	224	\\xc0a813e0	1	192.168.19.224
668	2010-11-26 17:45:47.53	c0a813a9	2014-09-11 07:00:10.812977	4	f	169	\\xc0a813a9	1	192.168.19.169
669	2010-11-26 17:45:47.57	c0a81340	2014-09-11 07:00:10.813706	4	f	64	\\xc0a81340	1	192.168.19.64
670	2010-11-26 17:45:47.61	c0a8133a	2014-09-11 07:00:10.81444	4	f	58	\\xc0a8133a	1	192.168.19.58
671	2010-11-26 17:45:47.692	c0a8137d	2014-09-11 07:00:10.815265	4	f	125	\\xc0a8137d	1	192.168.19.125
672	2010-11-26 17:45:47.763	c0a8135b	2014-09-11 07:00:10.816028	4	f	91	\\xc0a8135b	1	192.168.19.91
673	2010-11-26 17:45:47.835	c0a81329	2014-09-11 07:00:10.816768	4	f	41	\\xc0a81329	1	192.168.19.41
674	2010-11-26 17:45:47.894	c0a81343	2014-09-11 07:00:10.817518	4	f	67	\\xc0a81343	1	192.168.19.67
675	2010-11-26 17:45:47.921	c0a81364	2014-09-11 07:00:10.818259	4	f	100	\\xc0a81364	1	192.168.19.100
676	2010-11-26 17:45:47.951	c0a81324	2014-09-11 07:00:10.818996	4	f	36	\\xc0a81324	1	192.168.19.36
677	2010-11-26 17:45:47.986	c0a813a1	2014-09-11 07:00:10.819774	4	f	161	\\xc0a813a1	1	192.168.19.161
678	2010-11-26 17:45:48.013	c0a81319	2014-09-11 07:00:10.820527	4	f	25	\\xc0a81319	1	192.168.19.25
679	2010-11-26 17:45:48.043	c0a813b0	2014-09-11 07:00:10.821276	4	f	176	\\xc0a813b0	1	192.168.19.176
681	2010-11-26 17:45:48.104	c0a8136f	2014-09-11 07:00:10.822072	4	f	111	\\xc0a8136f	1	192.168.19.111
682	2010-11-26 17:45:48.132	c0a813f5	2014-09-11 07:00:10.822832	4	f	245	\\xc0a813f5	1	192.168.19.245
683	2010-11-26 17:45:48.164	c0a813e8	2014-09-11 07:00:10.823583	4	f	232	\\xc0a813e8	1	192.168.19.232
684	2010-11-26 17:45:48.196	c0a81344	2014-09-11 07:00:10.829307	4	f	68	\\xc0a81344	1	192.168.19.68
685	2010-11-26 17:45:48.239	c0a8131e	2014-09-11 07:00:10.830286	4	f	30	\\xc0a8131e	1	192.168.19.30
686	2010-11-26 17:45:48.271	c0a8136d	2014-09-11 07:00:10.831111	4	f	109	\\xc0a8136d	1	192.168.19.109
687	2010-11-26 17:45:48.336	c0a813bf	2014-09-11 07:00:10.831907	4	f	191	\\xc0a813bf	1	192.168.19.191
688	2010-11-26 17:45:48.395	c0a813b2	2014-09-11 07:00:10.832692	4	f	178	\\xc0a813b2	1	192.168.19.178
689	2010-11-26 17:45:48.451	c0a813fa	2014-09-11 07:00:10.833457	4	f	250	\\xc0a813fa	1	192.168.19.250
690	2010-11-26 17:45:48.511	c0a81345	2014-09-11 07:00:10.834223	4	f	69	\\xc0a81345	1	192.168.19.69
691	2010-11-26 17:45:48.535	c0a81361	2014-09-11 07:00:10.835028	4	f	97	\\xc0a81361	1	192.168.19.97
692	2010-11-26 17:45:48.559	c0a813e6	2014-09-11 07:00:10.83584	4	f	230	\\xc0a813e6	1	192.168.19.230
693	2010-11-26 17:45:48.583	c0a813e1	2014-09-11 07:00:10.836582	4	f	225	\\xc0a813e1	1	192.168.19.225
694	2010-11-26 17:45:48.608	c0a813c0	2014-09-11 07:00:10.837311	4	f	192	\\xc0a813c0	1	192.168.19.192
695	2010-11-26 17:45:48.631	c0a81359	2014-09-11 07:00:10.838053	4	f	89	\\xc0a81359	1	192.168.19.89
696	2010-11-26 17:45:48.655	c0a8133d	2014-09-11 07:00:10.838791	4	f	61	\\xc0a8133d	1	192.168.19.61
697	2010-11-26 17:45:48.68	c0a8133c	2014-09-11 07:00:10.83953	4	f	60	\\xc0a8133c	1	192.168.19.60
698	2010-11-26 17:45:48.704	c0a8137b	2014-09-11 07:00:10.840255	4	f	123	\\xc0a8137b	1	192.168.19.123
699	2010-11-26 17:45:48.729	c0a8130b	2014-09-11 07:00:10.840998	4	f	11	\\xc0a8130b	1	192.168.19.11
700	2010-11-26 17:45:48.753	c0a813e2	2014-09-11 07:00:10.84174	4	f	226	\\xc0a813e2	1	192.168.19.226
701	2010-11-26 17:45:48.777	c0a81316	2014-09-11 07:00:10.842458	4	f	22	\\xc0a81316	1	192.168.19.22
702	2010-11-26 17:45:48.801	c0a81301	2014-09-11 07:00:10.84318	4	f	1	\\xc0a81301	1	192.168.19.1
703	2010-11-26 17:45:48.825	c0a813b1	2014-09-11 07:00:10.843898	4	f	177	\\xc0a813b1	1	192.168.19.177
704	2010-11-26 17:45:48.849	c0a8139d	2014-09-11 07:00:10.844645	4	f	157	\\xc0a8139d	1	192.168.19.157
705	2010-11-26 17:45:48.879	c0a81396	2014-09-11 07:00:10.845418	4	f	150	\\xc0a81396	1	192.168.19.150
706	2010-11-26 17:45:48.903	c0a813ea	2014-09-11 07:00:10.84614	4	f	234	\\xc0a813ea	1	192.168.19.234
707	2010-11-26 17:45:48.927	c0a813fe	2014-09-11 07:00:10.846866	4	f	254	\\xc0a813fe	1	192.168.19.254
708	2010-11-26 17:45:48.954	c0a81305	2014-09-11 07:00:10.847595	4	f	5	\\xc0a81305	1	192.168.19.5
709	2010-11-26 17:45:48.979	c0a813f7	2014-09-11 07:00:10.848329	4	f	247	\\xc0a813f7	1	192.168.19.247
710	2010-11-26 17:45:49.003	c0a81392	2014-09-11 07:00:10.849053	4	f	146	\\xc0a81392	1	192.168.19.146
711	2010-11-26 17:45:49.029	c0a81330	2014-09-11 07:00:10.849775	4	f	48	\\xc0a81330	1	192.168.19.48
712	2010-11-26 17:45:49.054	c0a813a2	2014-09-11 07:00:10.850476	4	f	162	\\xc0a813a2	1	192.168.19.162
713	2010-11-26 17:45:49.079	c0a8139a	2014-09-11 07:00:10.851215	4	f	154	\\xc0a8139a	1	192.168.19.154
714	2010-11-26 17:45:49.104	c0a813da	2014-09-11 07:00:10.852049	4	f	218	\\xc0a813da	1	192.168.19.218
715	2010-11-26 17:45:49.129	c0a81374	2014-09-11 07:00:10.852941	4	f	116	\\xc0a81374	1	192.168.19.116
716	2010-11-26 17:45:49.153	c0a813b3	2014-09-11 07:00:10.853736	4	f	179	\\xc0a813b3	1	192.168.19.179
717	2010-11-26 17:45:49.178	c0a81334	2014-09-11 07:00:10.854502	4	f	52	\\xc0a81334	1	192.168.19.52
718	2010-11-26 17:45:49.203	c0a8135e	2014-09-11 07:00:10.855253	4	f	94	\\xc0a8135e	1	192.168.19.94
719	2010-11-26 17:45:49.244	c0a81376	2014-09-11 07:00:10.855984	4	f	118	\\xc0a81376	1	192.168.19.118
720	2010-11-26 17:45:49.302	c0a8137a	2014-09-11 07:00:10.856721	4	f	122	\\xc0a8137a	1	192.168.19.122
721	2010-11-26 17:45:49.408	c0a8139c	2014-09-11 07:00:10.857444	4	f	156	\\xc0a8139c	1	192.168.19.156
722	2010-11-26 17:45:49.469	c0a813ef	2014-09-11 07:00:10.85825	4	f	239	\\xc0a813ef	1	192.168.19.239
723	2010-11-26 17:45:49.519	c0a81318	2014-09-11 07:00:10.858989	4	f	24	\\xc0a81318	1	192.168.19.24
724	2010-11-26 17:45:49.544	c0a81341	2014-09-11 07:00:10.859726	4	f	65	\\xc0a81341	1	192.168.19.65
725	2010-11-26 17:45:49.568	c0a813d3	2014-09-11 07:00:10.860459	4	f	211	\\xc0a813d3	1	192.168.19.211
726	2010-11-26 17:45:49.593	c0a813c8	2014-09-11 07:00:10.861157	4	f	200	\\xc0a813c8	1	192.168.19.200
727	2010-11-26 17:45:49.62	c0a81327	2014-09-11 07:00:10.861904	4	f	39	\\xc0a81327	1	192.168.19.39
728	2010-11-26 17:45:49.663	c0a813d2	2014-09-11 07:00:10.862776	4	f	210	\\xc0a813d2	1	192.168.19.210
729	2010-11-26 17:45:49.684	c0a813bd	2014-09-11 07:00:10.86364	4	f	189	\\xc0a813bd	1	192.168.19.189
730	2010-11-26 17:45:49.714	c0a813eb	2014-09-11 07:00:10.864498	4	f	235	\\xc0a813eb	1	192.168.19.235
731	2010-11-26 17:45:49.74	c0a813c4	2014-09-11 07:00:10.865329	4	f	196	\\xc0a813c4	1	192.168.19.196
732	2010-11-26 17:45:49.76	c0a813ed	2014-09-11 07:00:10.866159	4	f	237	\\xc0a813ed	1	192.168.19.237
733	2010-11-26 17:45:49.868	c0a81381	2014-09-11 07:00:10.867031	4	f	129	\\xc0a81381	1	192.168.19.129
734	2010-11-26 17:45:49.877	c0a8131c	2014-09-11 07:00:10.867889	4	f	28	\\xc0a8131c	1	192.168.19.28
735	2010-11-26 17:45:49.887	c0a81389	2014-09-11 07:00:10.868726	4	f	137	\\xc0a81389	1	192.168.19.137
736	2010-11-26 17:45:49.897	c0a81382	2014-09-11 07:00:10.869523	4	f	130	\\xc0a81382	1	192.168.19.130
737	2010-11-26 17:45:49.906	c0a813be	2014-09-11 07:00:10.870314	4	f	190	\\xc0a813be	1	192.168.19.190
738	2010-11-26 17:45:49.916	c0a81379	2014-09-11 07:00:10.871103	4	f	121	\\xc0a81379	1	192.168.19.121
739	2010-11-26 17:45:49.927	c0a81387	2014-09-11 07:00:10.871935	4	f	135	\\xc0a81387	1	192.168.19.135
740	2010-11-26 17:45:49.936	c0a813a6	2014-09-11 07:00:10.872812	4	f	166	\\xc0a813a6	1	192.168.19.166
742	2010-11-26 17:45:49.955	c0a81328	2014-09-11 07:00:10.873574	4	f	40	\\xc0a81328	1	192.168.19.40
743	2010-11-26 17:45:49.965	c0a8138e	2014-09-11 07:00:10.874346	4	f	142	\\xc0a8138e	1	192.168.19.142
744	2010-11-26 17:45:49.975	c0a813c7	2014-09-11 07:00:10.875118	4	f	199	\\xc0a813c7	1	192.168.19.199
745	2010-11-26 17:45:49.985	c0a81362	2014-09-11 07:00:10.875862	4	f	98	\\xc0a81362	1	192.168.19.98
746	2010-11-26 17:45:49.996	c0a813c9	2014-09-11 07:00:10.876588	4	f	201	\\xc0a813c9	1	192.168.19.201
747	2010-11-26 17:45:50.006	c0a813a5	2014-09-11 07:00:10.877312	4	f	165	\\xc0a813a5	1	192.168.19.165
748	2010-11-26 17:45:50.016	c0a81390	2014-09-11 07:00:10.878137	4	f	144	\\xc0a81390	1	192.168.19.144
749	2010-11-26 17:45:50.026	c0a813a8	2014-09-11 07:00:10.878917	4	f	168	\\xc0a813a8	1	192.168.19.168
750	2010-11-26 17:45:50.036	c0a813ac	2014-09-11 07:00:10.879748	4	f	172	\\xc0a813ac	1	192.168.19.172
751	2010-11-26 17:45:50.046	c0a8135f	2014-09-11 07:00:10.880639	4	f	95	\\xc0a8135f	1	192.168.19.95
752	2010-11-26 17:45:50.056	c0a81306	2014-09-11 07:00:10.881418	4	f	6	\\xc0a81306	1	192.168.19.6
753	2010-11-26 17:45:50.065	c0a81386	2014-09-11 07:00:10.882259	4	f	134	\\xc0a81386	1	192.168.19.134
754	2010-11-26 17:45:50.075	c0a813cd	2014-09-11 07:00:10.883063	4	f	205	\\xc0a813cd	1	192.168.19.205
755	2010-11-26 17:45:50.085	c0a813fd	2014-09-11 07:00:10.883835	4	f	253	\\xc0a813fd	1	192.168.19.253
756	2010-11-26 17:45:50.094	c0a8135a	2014-09-11 07:00:10.884572	4	f	90	\\xc0a8135a	1	192.168.19.90
757	2010-11-26 17:45:50.104	c0a813b8	2014-09-11 07:00:10.885332	4	f	184	\\xc0a813b8	1	192.168.19.184
758	2010-11-26 17:45:50.114	c0a8134b	2014-09-11 07:00:10.88605	4	f	75	\\xc0a8134b	1	192.168.19.75
759	2010-11-26 17:45:50.124	c0a8137e	2014-09-11 07:00:10.886761	4	f	126	\\xc0a8137e	1	192.168.19.126
760	2010-11-26 17:45:50.134	c0a813bc	2014-09-11 07:00:10.887501	4	f	188	\\xc0a813bc	1	192.168.19.188
761	2010-11-26 17:45:50.144	c0a813d6	2014-09-11 07:00:10.888219	4	f	214	\\xc0a813d6	1	192.168.19.214
762	2010-11-26 17:45:50.154	c0a81373	2014-09-11 07:00:10.888932	4	f	115	\\xc0a81373	1	192.168.19.115
763	2010-11-26 17:45:50.164	c0a8130e	2014-09-11 07:00:10.889702	4	f	14	\\xc0a8130e	1	192.168.19.14
764	2010-11-26 17:45:50.173	c0a8131d	2014-09-11 07:00:10.89049	4	f	29	\\xc0a8131d	1	192.168.19.29
765	2010-11-26 17:45:50.183	c0a813fb	2014-09-11 07:00:10.891279	4	f	251	\\xc0a813fb	1	192.168.19.251
766	2010-11-26 17:45:50.193	c0a81337	2014-09-11 07:00:10.892068	4	f	55	\\xc0a81337	1	192.168.19.55
767	2010-11-26 17:45:50.204	c0a8139f	2014-09-11 07:00:10.892864	4	f	159	\\xc0a8139f	1	192.168.19.159
768	2010-11-26 17:45:50.213	c0a8133e	2014-09-11 07:00:10.893794	4	f	62	\\xc0a8133e	1	192.168.19.62
769	2010-11-26 17:45:50.223	c0a813db	2014-09-11 07:00:10.894566	4	f	219	\\xc0a813db	1	192.168.19.219
770	2010-11-26 17:45:50.233	c0a81339	2014-09-11 07:00:10.895333	4	f	57	\\xc0a81339	1	192.168.19.57
771	2010-11-26 17:45:50.243	c0a81375	2014-09-11 07:00:10.896067	4	f	117	\\xc0a81375	1	192.168.19.117
772	2010-11-26 17:45:50.253	c0a8137f	2014-09-11 07:00:10.8968	4	f	127	\\xc0a8137f	1	192.168.19.127
773	2010-11-26 17:45:50.263	c0a81378	2014-09-11 07:00:10.897529	4	f	120	\\xc0a81378	1	192.168.19.120
774	2010-11-26 17:45:50.273	c0a813b9	2014-09-11 07:00:10.898303	4	f	185	\\xc0a813b9	1	192.168.19.185
775	2010-11-26 17:45:50.282	c0a8138f	2014-09-11 07:00:10.89903	4	f	143	\\xc0a8138f	1	192.168.19.143
776	2010-11-26 17:45:50.292	c0a813d4	2014-09-11 07:00:10.899761	4	f	212	\\xc0a813d4	1	192.168.19.212
777	2010-11-26 17:45:50.302	c0a813d8	2014-09-11 07:00:10.900507	4	f	216	\\xc0a813d8	1	192.168.19.216
778	2010-11-26 17:45:50.312	c0a8132d	2014-09-11 07:00:10.901253	4	f	45	\\xc0a8132d	1	192.168.19.45
779	2010-11-26 17:45:50.324	c0a81338	2014-09-11 07:00:10.901979	4	f	56	\\xc0a81338	1	192.168.19.56
780	2010-11-26 17:45:50.334	c0a81349	2014-09-11 07:00:10.902749	4	f	73	\\xc0a81349	1	192.168.19.73
781	2010-11-26 17:45:50.344	c0a813f2	2014-09-11 07:00:10.903489	4	f	242	\\xc0a813f2	1	192.168.19.242
783	2010-11-26 17:45:50.364	c0a81303	2014-09-11 07:00:10.904224	4	f	3	\\xc0a81303	1	192.168.19.3
784	2010-11-26 17:45:50.374	c0a813f8	2014-09-11 07:00:10.904954	4	f	248	\\xc0a813f8	1	192.168.19.248
785	2010-11-26 17:45:50.385	c0a8132b	2014-09-11 07:00:10.905744	4	f	43	\\xc0a8132b	1	192.168.19.43
786	2010-11-26 17:45:50.396	c0a813bb	2014-09-11 07:00:10.906509	4	f	187	\\xc0a813bb	1	192.168.19.187
787	2010-11-26 17:45:50.406	c0a813ad	2014-09-11 07:00:10.907241	4	f	173	\\xc0a813ad	1	192.168.19.173
788	2010-11-26 17:45:50.417	c0a81395	2014-09-11 07:00:10.908	4	f	149	\\xc0a81395	1	192.168.19.149
789	2010-11-26 17:45:50.427	c0a813ae	2014-09-11 07:00:10.908809	4	f	174	\\xc0a813ae	1	192.168.19.174
790	2010-11-26 17:45:50.437	c0a81314	2014-09-11 07:00:10.909531	4	f	20	\\xc0a81314	1	192.168.19.20
791	2010-11-26 17:45:50.455	c0a81352	2014-09-11 07:00:10.910259	4	f	82	\\xc0a81352	1	192.168.19.82
792	2010-11-26 17:45:50.472	c0a81323	2014-09-11 07:00:10.910995	4	f	35	\\xc0a81323	1	192.168.19.35
793	2010-11-26 17:45:50.481	c0a813ca	2014-09-11 07:00:10.911745	4	f	202	\\xc0a813ca	1	192.168.19.202
794	2010-11-26 17:45:50.491	c0a81348	2014-09-11 07:00:10.912477	4	f	72	\\xc0a81348	1	192.168.19.72
795	2010-11-26 17:45:50.499	c0a81311	2014-09-11 07:00:10.913206	4	f	17	\\xc0a81311	1	192.168.19.17
796	2010-11-26 17:45:50.508	c0a81325	2014-09-11 07:00:10.91394	4	f	37	\\xc0a81325	1	192.168.19.37
797	2010-11-26 17:45:50.516	c0a813f0	2014-09-11 07:00:10.914686	4	f	240	\\xc0a813f0	1	192.168.19.240
799	2010-11-26 17:45:50.533	c0a8139e	2014-09-11 07:00:10.915456	4	f	158	\\xc0a8139e	1	192.168.19.158
800	2010-11-26 17:45:50.542	c0a813fc	2014-09-11 07:00:10.916188	4	f	252	\\xc0a813fc	1	192.168.19.252
801	2010-11-26 17:45:50.551	c0a81372	2014-09-11 07:00:10.916957	4	f	114	\\xc0a81372	1	192.168.19.114
802	2010-11-26 17:45:50.559	c0a813e4	2014-09-11 07:00:10.917708	4	f	228	\\xc0a813e4	1	192.168.19.228
803	2010-11-26 17:45:50.568	c0a813df	2014-09-11 07:00:10.918438	4	f	223	\\xc0a813df	1	192.168.19.223
804	2010-11-26 17:45:50.577	c0a813aa	2014-09-11 07:00:10.919176	4	f	170	\\xc0a813aa	1	192.168.19.170
805	2010-11-26 17:45:50.585	c0a813d5	2014-09-11 07:00:10.919907	4	f	213	\\xc0a813d5	1	192.168.19.213
806	2010-11-26 17:45:50.594	c0a8131f	2014-09-11 07:00:10.920645	4	f	31	\\xc0a8131f	1	192.168.19.31
807	2010-11-26 17:45:50.603	c0a8138c	2014-09-11 07:00:10.921373	4	f	140	\\xc0a8138c	1	192.168.19.140
808	2010-11-26 17:45:50.611	c0a8132a	2014-09-11 07:00:10.922142	4	f	42	\\xc0a8132a	1	192.168.19.42
809	2010-11-26 17:45:50.62	c0a813cb	2014-09-11 07:00:10.922884	4	f	203	\\xc0a813cb	1	192.168.19.203
810	2010-11-26 17:45:50.63	c0a8136b	2014-09-11 07:00:10.923625	4	f	107	\\xc0a8136b	1	192.168.19.107
811	2010-11-26 17:45:50.639	c0a813a7	2014-09-11 07:00:10.924352	4	f	167	\\xc0a813a7	1	192.168.19.167
812	2010-11-26 17:45:50.647	c0a81393	2014-09-11 07:00:10.925316	4	f	147	\\xc0a81393	1	192.168.19.147
813	2010-11-26 17:45:50.656	c0a813b7	2014-09-11 07:00:10.926533	4	f	183	\\xc0a813b7	1	192.168.19.183
814	2010-11-26 17:45:50.665	c0a8137c	2014-09-11 07:00:10.927501	4	f	124	\\xc0a8137c	1	192.168.19.124
815	2010-11-26 17:45:50.674	c0a8134f	2014-09-11 07:00:10.928501	4	f	79	\\xc0a8134f	1	192.168.19.79
816	2010-11-26 17:45:50.682	c0a81304	2014-09-11 07:00:10.929398	4	f	4	\\xc0a81304	1	192.168.19.4
817	2010-11-26 17:45:50.691	c0a81358	2014-09-11 07:00:10.930369	4	f	88	\\xc0a81358	1	192.168.19.88
819	2010-11-26 17:45:50.709	c0a81383	2014-09-11 07:00:10.931377	4	f	131	\\xc0a81383	1	192.168.19.131
820	2010-11-26 17:45:50.718	c0a81394	2014-09-11 07:00:10.932284	4	f	148	\\xc0a81394	1	192.168.19.148
821	2010-11-26 17:45:50.726	c0a8134c	2014-09-11 07:00:10.933193	4	f	76	\\xc0a8134c	1	192.168.19.76
822	2010-11-26 17:45:50.735	c0a813e3	2014-09-11 07:00:10.934052	4	f	227	\\xc0a813e3	1	192.168.19.227
823	2010-11-26 17:45:50.744	c0a81391	2014-09-11 07:00:10.934845	4	f	145	\\xc0a81391	1	192.168.19.145
824	2010-11-26 17:45:50.753	c0a813cc	2014-09-11 07:00:10.935634	4	f	204	\\xc0a813cc	1	192.168.19.204
825	2010-11-26 17:45:50.762	c0a813d1	2014-09-11 07:00:10.936409	4	f	209	\\xc0a813d1	1	192.168.19.209
826	2010-11-26 17:45:50.771	c0a813d7	2014-09-11 07:00:10.937216	4	f	215	\\xc0a813d7	1	192.168.19.215
827	2010-11-26 17:45:50.78	c0a813dd	2014-09-11 07:00:10.937948	4	f	221	\\xc0a813dd	1	192.168.19.221
828	2010-11-26 17:45:50.789	c0a8134a	2014-09-11 07:00:10.938791	4	f	74	\\xc0a8134a	1	192.168.19.74
829	2010-11-26 17:45:50.797	c0a81322	2014-09-11 07:00:10.939649	4	f	34	\\xc0a81322	1	192.168.19.34
830	2010-11-26 17:45:50.806	c0a8136c	2014-09-11 07:00:10.94045	4	f	108	\\xc0a8136c	1	192.168.19.108
831	2010-11-26 17:45:50.815	c0a813f4	2014-09-11 07:00:10.941283	4	f	244	\\xc0a813f4	1	192.168.19.244
832	2010-11-26 17:45:50.824	c0a813d0	2014-09-11 07:00:10.942646	4	f	208	\\xc0a813d0	1	192.168.19.208
833	2010-11-26 17:45:50.833	c0a81360	2014-09-11 07:00:10.944915	4	f	96	\\xc0a81360	1	192.168.19.96
834	2010-11-26 17:45:50.842	c0a81317	2014-09-11 07:00:10.946286	4	f	23	\\xc0a81317	1	192.168.19.23
835	2010-11-26 17:45:50.851	c0a8135d	2014-09-11 07:00:10.948373	4	f	93	\\xc0a8135d	1	192.168.19.93
836	2010-11-26 17:45:50.859	c0a81384	2014-09-11 07:00:10.950319	4	f	132	\\xc0a81384	1	192.168.19.132
837	2010-11-26 17:45:50.881	c0a813ce	2014-09-11 07:00:10.951386	4	f	206	\\xc0a813ce	1	192.168.19.206
838	2010-11-26 17:45:50.89	c0a813de	2014-09-11 07:00:10.953443	4	f	222	\\xc0a813de	1	192.168.19.222
839	2010-11-26 17:45:50.9	c0a8139b	2014-09-11 07:00:10.955293	4	f	155	\\xc0a8139b	1	192.168.19.155
840	2010-11-26 17:45:50.909	c0a813ec	2014-09-11 07:00:10.956308	4	f	236	\\xc0a813ec	1	192.168.19.236
842	2010-11-26 17:45:50.928	c0a8133b	2014-09-11 07:00:10.958397	4	f	59	\\xc0a8133b	1	192.168.19.59
843	2010-11-26 17:45:50.937	c0a81300	2014-09-11 07:00:10.959837	4	t	0	\\xc0a81300	1	192.168.19.0
844	2010-11-26 17:45:50.946	c0a813e9	2014-09-11 07:00:10.960613	4	f	233	\\xc0a813e9	1	192.168.19.233
845	2010-11-26 17:45:50.955	c0a81377	2014-09-11 07:00:10.961348	4	f	119	\\xc0a81377	1	192.168.19.119
846	2010-11-26 17:45:50.964	c0a81385	2014-09-11 07:00:10.962089	4	f	133	\\xc0a81385	1	192.168.19.133
847	2010-11-26 17:45:50.973	c0a81312	2014-09-11 07:00:10.96282	4	f	18	\\xc0a81312	1	192.168.19.18
848	2010-11-26 17:45:50.982	c0a813dc	2014-09-11 07:00:10.963528	4	f	220	\\xc0a813dc	1	192.168.19.220
849	2010-11-26 17:45:50.992	c0a8138b	2014-09-11 07:00:10.964479	4	f	139	\\xc0a8138b	1	192.168.19.139
850	2010-11-26 17:45:51.002	c0a81398	2014-09-11 07:00:10.965409	4	f	152	\\xc0a81398	1	192.168.19.152
851	2010-11-26 17:45:51.011	c0a8138a	2014-09-11 07:00:10.966189	4	f	138	\\xc0a8138a	1	192.168.19.138
852	2010-11-26 17:45:51.02	c0a813ab	2014-09-11 07:00:10.96693	4	f	171	\\xc0a813ab	1	192.168.19.171
853	2010-11-26 17:45:51.029	c0a8131b	2014-09-11 07:00:10.967677	4	f	27	\\xc0a8131b	1	192.168.19.27
854	2010-11-26 17:45:51.038	c0a81331	2014-09-11 07:00:10.968378	4	f	49	\\xc0a81331	1	192.168.19.49
855	2010-11-26 17:45:51.047	c0a8130d	2014-09-11 07:00:10.96907	4	f	13	\\xc0a8130d	1	192.168.19.13
856	2010-11-26 17:45:51.056	c0a8138d	2014-09-11 07:00:10.969763	4	f	141	\\xc0a8138d	1	192.168.19.141
857	2010-11-26 17:45:51.065	c0a813ff	2014-09-11 07:00:10.970563	4	t	255	\\xc0a813ff	1	192.168.19.255
858	2010-11-26 17:45:51.074	c0a81321	2014-09-11 07:00:10.971286	4	f	33	\\xc0a81321	1	192.168.19.33
859	2010-11-26 17:45:51.083	c0a81326	2014-09-11 07:00:10.972003	4	f	38	\\xc0a81326	1	192.168.19.38
860	2010-11-26 17:45:51.093	c0a81315	2014-09-11 07:00:10.972751	4	f	21	\\xc0a81315	1	192.168.19.21
861	2010-11-26 17:45:51.106	c0a8136e	2014-09-11 07:00:10.9735	4	f	110	\\xc0a8136e	1	192.168.19.110
862	2010-11-26 17:45:51.115	c0a81353	2014-09-11 07:00:10.974222	4	f	83	\\xc0a81353	1	192.168.19.83
863	2010-11-26 17:45:51.124	c0a81308	2014-09-11 07:00:10.974952	4	f	8	\\xc0a81308	1	192.168.19.8
864	2010-11-26 17:45:51.133	c0a813b4	2014-09-11 07:00:10.975736	4	f	180	\\xc0a813b4	1	192.168.19.180
865	2010-11-26 17:45:51.142	c0a81333	2014-09-11 07:00:10.976485	4	f	51	\\xc0a81333	1	192.168.19.51
866	2010-11-26 17:45:51.151	c0a81347	2014-09-11 07:00:10.97719	4	f	71	\\xc0a81347	1	192.168.19.71
867	2010-11-26 17:45:51.161	c0a813f6	2014-09-11 07:00:10.977897	4	f	246	\\xc0a813f6	1	192.168.19.246
868	2010-11-26 17:45:51.17	c0a813c6	2014-09-11 07:00:10.978618	4	f	198	\\xc0a813c6	1	192.168.19.198
869	2010-11-26 17:45:51.179	c0a8130f	2014-09-11 07:00:10.97934	4	f	15	\\xc0a8130f	1	192.168.19.15
870	2010-11-26 17:45:51.188	c0a8135c	2014-09-11 07:00:10.980035	4	f	92	\\xc0a8135c	1	192.168.19.92
871	2010-11-26 17:45:51.198	c0a813e5	2014-09-11 07:00:10.980725	4	f	229	\\xc0a813e5	1	192.168.19.229
872	2010-11-26 17:45:51.207	c0a813c3	2014-09-11 07:00:10.981513	4	f	195	\\xc0a813c3	1	192.168.19.195
873	2010-11-26 17:45:51.216	c0a813a0	2014-09-11 07:00:10.982278	4	f	160	\\xc0a813a0	1	192.168.19.160
874	2010-11-26 17:45:51.225	c0a81371	2014-09-11 07:00:10.983008	4	f	113	\\xc0a81371	1	192.168.19.113
876	2010-11-26 17:45:51.245	c0a81310	2014-09-11 07:00:10.983707	4	f	16	\\xc0a81310	1	192.168.19.16
877	2010-11-26 17:45:51.254	c0a813d9	2014-09-11 07:00:10.984403	4	f	217	\\xc0a813d9	1	192.168.19.217
878	2010-11-26 17:45:51.264	c0a81307	2014-09-11 07:00:10.985108	4	f	7	\\xc0a81307	1	192.168.19.7
879	2010-11-26 17:45:51.273	c0a8132f	2014-09-11 07:00:10.98583	4	f	47	\\xc0a8132f	1	192.168.19.47
880	2010-11-26 17:45:51.282	c0a81346	2014-09-11 07:00:10.986605	4	f	70	\\xc0a81346	1	192.168.19.70
881	2010-11-26 17:45:51.291	c0a813ba	2014-09-11 07:00:10.987344	4	f	186	\\xc0a813ba	1	192.168.19.186
882	2010-11-26 17:45:51.301	c0a81397	2014-09-11 07:00:10.988045	4	f	151	\\xc0a81397	1	192.168.19.151
883	2010-11-26 17:45:51.31	c0a813af	2014-09-11 07:00:10.988749	4	f	175	\\xc0a813af	1	192.168.19.175
884	2010-11-26 17:45:51.319	c0a81309	2014-09-11 07:00:10.989456	4	f	9	\\xc0a81309	1	192.168.19.9
885	2010-11-26 17:45:51.328	c0a813a3	2014-09-11 07:00:10.990159	4	f	163	\\xc0a813a3	1	192.168.19.163
886	2010-11-26 17:45:51.338	c0a81335	2014-09-11 07:00:10.990909	4	f	53	\\xc0a81335	1	192.168.19.53
887	2010-11-26 17:45:51.347	c0a813c5	2014-09-11 07:00:10.991671	4	f	197	\\xc0a813c5	1	192.168.19.197
888	2010-11-26 17:45:51.356	c0a81357	2014-09-11 07:00:10.9924	4	f	87	\\xc0a81357	1	192.168.19.87
889	2010-11-26 17:45:51.366	c0a81363	2014-09-11 07:00:10.993131	4	f	99	\\xc0a81363	1	192.168.19.99
890	2010-11-26 17:45:51.375	c0a8133f	2014-09-11 07:00:10.99385	4	f	63	\\xc0a8133f	1	192.168.19.63
891	2010-11-26 17:45:51.384	c0a813ee	2014-09-11 07:00:10.994597	4	f	238	\\xc0a813ee	1	192.168.19.238
892	2010-11-26 17:45:51.394	c0a81388	2014-09-11 07:00:10.995338	4	f	136	\\xc0a81388	1	192.168.19.136
893	2010-11-26 17:45:51.403	c0a813f1	2014-09-11 07:00:10.996056	4	f	241	\\xc0a813f1	1	192.168.19.241
894	2010-11-26 17:45:51.412	c0a813a4	2014-09-11 07:00:10.996772	4	f	164	\\xc0a813a4	1	192.168.19.164
895	2010-11-26 17:45:51.422	c0a81336	2014-09-11 07:00:10.997514	4	f	54	\\xc0a81336	1	192.168.19.54
896	2010-11-26 17:45:51.431	c0a81399	2014-09-11 07:00:10.998245	4	f	153	\\xc0a81399	1	192.168.19.153
897	2010-11-26 17:45:51.441	c0a81370	2014-09-11 07:00:10.998999	4	f	112	\\xc0a81370	1	192.168.19.112
898	2010-11-26 17:45:51.452	c0a813f9	2014-09-11 07:00:10.99977	4	f	249	\\xc0a813f9	1	192.168.19.249
899	2010-11-26 17:45:51.461	c0a8134e	2014-09-11 07:00:11.000506	4	f	78	\\xc0a8134e	1	192.168.19.78
900	2010-11-26 17:45:51.471	c0a81320	2014-09-11 07:00:11.00125	4	f	32	\\xc0a81320	1	192.168.19.32
901	2010-11-26 17:45:51.48	c0a81332	2014-09-11 07:00:11.002008	4	f	50	\\xc0a81332	1	192.168.19.50
902	2010-11-26 17:45:51.493	c0a8130a	2014-09-11 07:00:11.002742	4	f	10	\\xc0a8130a	1	192.168.19.10
903	2010-11-26 17:45:51.502	c0a81313	2014-09-11 07:00:11.003599	4	f	19	\\xc0a81313	1	192.168.19.19
904	2010-11-26 17:45:51.511	c0a8132e	2014-09-11 07:00:11.004382	4	f	46	\\xc0a8132e	1	192.168.19.46
905	2010-11-26 17:45:51.521	c0a8131a	2014-09-11 07:00:11.005109	4	f	26	\\xc0a8131a	1	192.168.19.26
741	2010-11-26 17:45:49.946	c0a81302	2014-09-11 07:00:11.005975	4	t	2	\\xc0a81302	1	192.168.19.2
910	2011-12-02 13:21:34.74	c00cc10e	2014-09-11 07:00:11.006755	1	f	14	\\xc00cc10e	1	192.12.193.14
911	2011-12-02 13:21:34.816	c00cc115	2014-09-11 07:00:11.007495	1	f	21	\\xc00cc115	1	192.12.193.21
912	2011-12-02 13:21:34.886	c00cc11b	2014-09-11 07:00:11.008253	1	f	27	\\xc00cc11b	1	192.12.193.27
913	2011-12-02 13:21:34.972	c00cc11f	2014-09-11 07:00:11.008984	1	f	31	\\xc00cc11f	1	192.12.193.31
914	2011-12-02 13:21:35.052	c00cc121	2014-09-11 07:00:11.009779	1	f	33	\\xc00cc121	1	192.12.193.33
915	2011-12-02 13:21:35.104	c00cc123	2014-09-11 07:00:11.010506	1	f	35	\\xc00cc123	1	192.12.193.35
916	2011-12-02 13:21:35.165	c00cc126	2014-09-11 07:00:11.011214	1	f	38	\\xc00cc126	1	192.12.193.38
917	2011-12-02 13:21:35.217	c00cc127	2014-09-11 07:00:11.011921	1	f	39	\\xc00cc127	1	192.12.193.39
919	2011-12-02 13:21:35.379	c00cc132	2014-09-11 07:00:11.012631	1	f	50	\\xc00cc132	1	192.12.193.50
920	2011-12-02 13:21:35.451	c00cc137	2014-09-11 07:00:11.013481	1	f	55	\\xc00cc137	1	192.12.193.55
921	2011-12-02 13:21:35.515	c00cc139	2014-09-11 07:00:11.014239	1	f	57	\\xc00cc139	1	192.12.193.57
922	2011-12-02 13:21:35.579	c00cc13d	2014-09-11 07:00:11.01495	1	f	61	\\xc00cc13d	1	192.12.193.61
924	2011-12-02 13:21:35.72	c00cc149	2014-09-11 07:00:11.015689	1	f	73	\\xc00cc149	1	192.12.193.73
925	2011-12-02 13:21:35.782	c00cc14d	2014-09-11 07:00:11.016389	1	f	77	\\xc00cc14d	1	192.12.193.77
926	2011-12-02 13:21:35.858	c00cc155	2014-09-11 07:00:11.017088	1	f	85	\\xc00cc155	1	192.12.193.85
927	2011-12-02 13:21:35.916	c00cc157	2014-09-11 07:00:11.017789	1	f	87	\\xc00cc157	1	192.12.193.87
928	2011-12-02 13:21:35.984	c00cc15e	2014-09-11 07:00:11.018573	1	f	94	\\xc00cc15e	1	192.12.193.94
929	2011-12-02 13:21:36.035	c00cc15f	2014-09-11 07:00:11.019283	1	f	95	\\xc00cc15f	1	192.12.193.95
930	2011-12-02 13:21:36.098	c00cc162	2014-09-11 07:00:11.020027	1	f	98	\\xc00cc162	1	192.12.193.98
932	2011-12-02 13:21:36.24	c00cc16a	2014-09-11 07:00:11.020719	1	f	106	\\xc00cc16a	1	192.12.193.106
933	2011-12-02 13:21:36.335	c00cc17b	2014-09-11 07:00:11.021427	1	f	123	\\xc00cc17b	1	192.12.193.123
937	2013-01-15 14:57:55.93	c00cc117	2014-09-11 07:00:11.023523	1	f	23	\\xc00cc117	1	192.12.193.23
938	2013-01-15 14:57:55.964	c00cc11a	2014-09-11 07:00:11.024252	1	f	26	\\xc00cc11a	1	192.12.193.26
939	2013-01-15 14:57:55.994	c00cc11c	2014-09-11 07:00:11.024981	1	f	28	\\xc00cc11c	1	192.12.193.28
940	2013-01-15 14:57:56.052	c00cc12a	2014-09-11 07:00:11.025701	1	f	42	\\xc00cc12a	1	192.12.193.42
941	2013-01-15 14:57:56.083	c00cc12c	2014-09-11 07:00:11.026433	1	f	44	\\xc00cc12c	1	192.12.193.44
942	2013-01-15 14:57:56.113	c00cc12e	2014-09-11 07:00:11.027132	1	f	46	\\xc00cc12e	1	192.12.193.46
944	2013-01-15 14:57:56.182	c00cc136	2014-09-11 07:00:11.027847	1	f	54	\\xc00cc136	1	192.12.193.54
945	2013-01-15 14:57:56.327	c00cc16e	2014-09-11 07:00:11.028544	1	f	110	\\xc00cc16e	1	192.12.193.110
946	2013-01-15 14:57:56.355	c00cc16f	2014-09-11 07:00:11.029259	1	f	111	\\xc00cc16f	1	192.12.193.111
947	2013-03-05 10:50:41.348	c00cc133	2014-09-11 07:00:11.02998	1	f	51	\\xc00cc133	1	192.12.193.51
948	2013-03-05 10:50:41.718	c00cc156	2014-09-11 07:00:11.030733	1	f	86	\\xc00cc156	1	192.12.193.86
949	2014-01-30 09:22:59.802	c00cc116	2014-09-11 07:00:11.031489	1	f	22	\\xc00cc116	1	192.12.193.22
951	2014-01-30 09:22:59.995	c00cc148	2014-09-11 07:00:11.032213	1	f	72	\\xc00cc148	1	192.12.193.72
952	2014-02-12 11:06:12.657	c00cc12f	2014-09-11 07:00:11.032934	1	f	47	\\xc00cc12f	1	192.12.193.47
953	2014-06-12 17:29:10.199	c00cc165	2014-09-11 07:00:11.033637	1	f	101	\\xc00cc165	1	192.12.193.101
954	2014-08-26 09:11:05.967	c0a8110c	2014-09-11 07:00:11.034341	2	f	12	\\xc0a8110c	1	192.168.17.12
955	2014-08-26 09:11:06.012	c0a81113	2014-09-11 07:00:11.035046	2	f	19	\\xc0a81113	1	192.168.17.19
956	2014-08-26 09:11:06.058	c0a81114	2014-09-11 07:00:11.035746	2	f	20	\\xc0a81114	1	192.168.17.20
934	2011-12-02 13:21:36.392	c00cc17d	2016-07-06 14:32:56.040101	1	t	125	\\xc00cc17d	2	192.12.193.125
957	2014-08-26 09:11:06.197	c0a81180	2014-09-11 07:00:11.036484	2	f	128	\\xc0a81180	1	192.168.17.128
958	2014-08-26 09:26:57.735	c00cc160	2014-09-11 07:00:11.037188	1	f	96	\\xc00cc160	1	192.12.193.96
959	2014-08-26 09:26:57.781	c00cc16b	2014-09-11 07:00:11.037894	1	f	107	\\xc00cc16b	1	192.12.193.107
306	2009-11-09 13:10:50.962	c0a811c3	2014-09-11 07:00:11.038644	2	t	195	\\xc0a811c3	1	192.168.17.195
336	2009-11-09 13:10:51.053	c0a811dd	2014-09-11 07:00:11.039357	2	t	221	\\xc0a811dd	1	192.168.17.221
160	2009-11-09 13:10:50.498	c0a811de	2014-09-11 07:00:11.040122	2	t	222	\\xc0a811de	1	192.168.17.222
226	2009-11-09 13:10:50.714	c0a811df	2014-09-11 07:00:11.040905	2	t	223	\\xc0a811df	1	192.168.17.223
354	2009-11-09 13:10:51.148	c0a811e0	2014-09-11 07:00:11.041734	2	t	224	\\xc0a811e0	1	192.168.17.224
353	2009-11-09 13:10:51.145	c0a811e8	2014-09-11 07:00:11.042838	2	t	232	\\xc0a811e8	1	192.168.17.232
215	2009-11-09 13:10:50.678	c0a811e7	2014-09-11 07:00:11.043852	2	t	231	\\xc0a811e7	1	192.168.17.231
285	2009-11-09 13:10:50.898	c0a811e6	2014-09-11 07:00:11.044595	2	t	230	\\xc0a811e6	1	192.168.17.230
286	2009-11-09 13:10:50.901	c0a811e5	2014-09-11 07:00:11.045329	2	t	229	\\xc0a811e5	1	192.168.17.229
294	2009-11-09 13:10:50.926	c0a811e4	2014-09-11 07:00:11.046035	2	t	228	\\xc0a811e4	1	192.168.17.228
309	2009-11-09 13:10:50.971	c0a811e3	2014-09-11 07:00:11.046768	2	t	227	\\xc0a811e3	1	192.168.17.227
908	2011-12-02 13:21:34.493	c00cc103	2014-09-11 07:00:11.047503	1	t	3	\\xc00cc103	1	192.12.193.3
909	2011-12-02 13:21:34.646	c00cc104	2014-09-11 07:00:11.048438	1	t	4	\\xc00cc104	1	192.12.193.4
641	2010-11-16 15:05:35.779	c00cc105	2014-09-11 07:00:11.049262	1	t	5	\\xc00cc105	1	192.12.193.5
113	2009-11-04 13:40:57.912	c00cc106	2014-09-11 07:00:11.050093	1	t	6	\\xc00cc106	1	192.12.193.6
950	2014-01-30 09:22:59.916	c00cc128	2014-09-11 07:00:11.050929	1	t	40	\\xc00cc128	1	192.12.193.40
129	2009-11-09 13:10:50.368	c0a8115f	2014-09-11 07:00:11.051658	2	f	95	\\xc0a8115f	3	192.168.17.95
962	2014-09-09 14:29:51.552798	0a000000	2014-09-11 07:00:11.052364	7	t	0	\N	1	10.0.0.0
963	2014-09-09 14:29:51.555935	0a000001	2014-09-11 07:00:11.0531	7	f	1	\N	1	10.0.0.1
965	2014-09-09 14:29:51.580651	0a000003	2014-09-11 07:00:11.054607	7	f	3	\N	1	10.0.0.3
966	2014-09-09 14:29:51.582955	0a000004	2014-09-11 07:00:11.055349	7	f	4	\N	1	10.0.0.4
967	2014-09-09 14:29:51.584735	0a000005	2014-09-11 07:00:11.056057	7	f	5	\N	1	10.0.0.5
968	2014-09-09 14:29:51.586497	0a000006	2014-09-11 07:00:11.056764	7	f	6	\N	1	10.0.0.6
969	2014-09-09 14:29:51.588137	0a000007	2014-09-11 07:00:11.057561	7	f	7	\N	1	10.0.0.7
970	2014-09-09 14:29:51.589795	0a000008	2014-09-11 07:00:11.05839	7	f	8	\N	1	10.0.0.8
971	2014-09-09 14:29:51.591666	0a000009	2014-09-11 07:00:11.059129	7	f	9	\N	1	10.0.0.9
972	2014-09-09 14:29:51.593549	0a00000a	2014-09-11 07:00:11.059865	7	f	10	\N	1	10.0.0.10
973	2014-09-09 14:29:51.598829	0a00000b	2014-09-11 07:00:11.060684	7	f	11	\N	1	10.0.0.11
974	2014-09-09 14:29:51.600657	0a00000c	2014-09-11 07:00:11.061388	7	f	12	\N	1	10.0.0.12
975	2014-09-09 14:29:51.602455	0a00000d	2014-09-11 07:00:11.062098	7	f	13	\N	1	10.0.0.13
976	2014-09-09 14:29:51.604266	0a00000e	2014-09-11 07:00:11.062806	7	f	14	\N	1	10.0.0.14
977	2014-09-09 14:29:51.606043	0a00000f	2014-09-11 07:00:11.063508	7	f	15	\N	1	10.0.0.15
978	2014-09-09 14:29:51.607824	0a000010	2014-09-11 07:00:11.064259	7	f	16	\N	1	10.0.0.16
979	2014-09-09 14:29:51.609668	0a000011	2014-09-11 07:00:11.064967	7	f	17	\N	1	10.0.0.17
980	2014-09-09 14:29:51.611618	0a000012	2014-09-11 07:00:11.065672	7	f	18	\N	1	10.0.0.18
981	2014-09-09 14:29:51.613416	0a000013	2014-09-11 07:00:11.066378	7	f	19	\N	1	10.0.0.19
982	2014-09-09 14:29:51.615127	0a000014	2014-09-11 07:00:11.067082	7	f	20	\N	1	10.0.0.20
983	2014-09-09 14:29:51.617176	0a000015	2014-09-11 07:00:11.0678	7	f	21	\N	1	10.0.0.21
984	2014-09-09 14:29:51.629364	0a000016	2014-09-11 07:00:11.068514	7	f	22	\N	1	10.0.0.22
985	2014-09-09 14:29:51.632554	0a000017	2014-09-11 07:00:11.069253	7	f	23	\N	1	10.0.0.23
986	2014-09-09 14:29:51.635469	0a000018	2014-09-11 07:00:11.069956	7	f	24	\N	1	10.0.0.24
987	2014-09-09 14:29:51.63824	0a000019	2014-09-11 07:00:11.07066	7	f	25	\N	1	10.0.0.25
988	2014-09-09 14:29:51.640741	0a00001a	2014-09-11 07:00:11.071352	7	f	26	\N	1	10.0.0.26
989	2014-09-09 14:29:51.644144	0a00001b	2014-09-11 07:00:11.072064	7	f	27	\N	1	10.0.0.27
990	2014-09-09 14:29:51.647112	0a00001c	2014-09-11 07:00:11.072765	7	f	28	\N	1	10.0.0.28
991	2014-09-09 14:29:51.649243	0a00001d	2014-09-11 07:00:11.073463	7	f	29	\N	1	10.0.0.29
992	2014-09-09 14:29:51.651132	0a00001e	2014-09-11 07:00:11.074175	7	f	30	\N	1	10.0.0.30
993	2014-09-09 14:29:51.652913	0a00001f	2014-09-11 07:00:11.074895	7	f	31	\N	1	10.0.0.31
994	2014-09-09 14:29:51.654729	0a000020	2014-09-11 07:00:11.07565	7	f	32	\N	1	10.0.0.32
995	2014-09-09 14:29:51.656575	0a000021	2014-09-11 07:00:11.076401	7	f	33	\N	1	10.0.0.33
996	2014-09-09 14:29:51.658313	0a000022	2014-09-11 07:00:11.077115	7	f	34	\N	1	10.0.0.34
997	2014-09-09 14:29:51.660222	0a000023	2014-09-11 07:00:11.077833	7	f	35	\N	1	10.0.0.35
998	2014-09-09 14:29:51.663461	0a000024	2014-09-11 07:00:11.078549	7	f	36	\N	1	10.0.0.36
999	2014-09-09 14:29:51.6663	0a000025	2014-09-11 07:00:11.079253	7	f	37	\N	1	10.0.0.37
1000	2014-09-09 14:29:51.668567	0a000026	2014-09-11 07:00:11.079958	7	f	38	\N	1	10.0.0.38
1001	2014-09-09 14:29:51.684814	0a000027	2014-09-11 07:00:11.080691	7	f	39	\N	1	10.0.0.39
1002	2014-09-09 14:29:51.688333	0a000028	2014-09-11 07:00:11.081463	7	f	40	\N	1	10.0.0.40
1003	2014-09-09 14:29:51.690557	0a000029	2014-09-11 07:00:11.08221	7	f	41	\N	1	10.0.0.41
1004	2014-09-09 14:29:51.692394	0a00002a	2014-09-11 07:00:11.082943	7	f	42	\N	1	10.0.0.42
1005	2014-09-09 14:29:51.69417	0a00002b	2014-09-11 07:00:11.0837	7	f	43	\N	1	10.0.0.43
1006	2014-09-09 14:29:51.696103	0a00002c	2014-09-11 07:00:11.084566	7	f	44	\N	1	10.0.0.44
1007	2014-09-09 14:29:51.698037	0a00002d	2014-09-11 07:00:11.085383	7	f	45	\N	1	10.0.0.45
1008	2014-09-09 14:29:51.699704	0a00002e	2014-09-11 07:00:11.086142	7	f	46	\N	1	10.0.0.46
1009	2014-09-09 14:29:51.70136	0a00002f	2014-09-11 07:00:11.086859	7	f	47	\N	1	10.0.0.47
1010	2014-09-09 14:29:51.703044	0a000030	2014-09-11 07:00:11.08762	7	f	48	\N	1	10.0.0.48
1011	2014-09-09 14:29:51.704754	0a000031	2014-09-11 07:00:11.088397	7	f	49	\N	1	10.0.0.49
1012	2014-09-09 14:29:51.706407	0a000032	2014-09-11 07:00:11.089138	7	f	50	\N	1	10.0.0.50
1013	2014-09-09 14:29:51.708065	0a000033	2014-09-11 07:00:11.089905	7	f	51	\N	1	10.0.0.51
1014	2014-09-09 14:29:51.709748	0a000034	2014-09-11 07:00:11.090658	7	f	52	\N	1	10.0.0.52
1015	2014-09-09 14:29:51.711713	0a000035	2014-09-11 07:00:11.091411	7	f	53	\N	1	10.0.0.53
1016	2014-09-09 14:29:51.713451	0a000036	2014-09-11 07:00:11.092165	7	f	54	\N	1	10.0.0.54
1017	2014-09-09 14:29:51.715138	0a000037	2014-09-11 07:00:11.092937	7	f	55	\N	1	10.0.0.55
1018	2014-09-09 14:29:51.71682	0a000038	2014-09-11 07:00:11.093645	7	f	56	\N	1	10.0.0.56
1019	2014-09-09 14:29:51.718586	0a000039	2014-09-11 07:00:11.094353	7	f	57	\N	1	10.0.0.57
1020	2014-09-09 14:29:51.746641	0a00003a	2014-09-11 07:00:11.095091	7	f	58	\N	1	10.0.0.58
1021	2014-09-09 14:29:51.74906	0a00003b	2014-09-11 07:00:11.095809	7	f	59	\N	1	10.0.0.59
1022	2014-09-09 14:29:51.750982	0a00003c	2014-09-11 07:00:11.096527	7	f	60	\N	1	10.0.0.60
1023	2014-09-09 14:29:51.752668	0a00003d	2014-09-11 07:00:11.097266	7	f	61	\N	1	10.0.0.61
1024	2014-09-09 14:29:51.75436	0a00003e	2014-09-11 07:00:11.098127	7	f	62	\N	1	10.0.0.62
1025	2014-09-09 14:29:51.756085	0a00003f	2014-09-11 07:00:11.098854	7	f	63	\N	1	10.0.0.63
1026	2014-09-09 14:29:51.75774	0a000040	2014-09-11 07:00:11.099565	7	f	64	\N	1	10.0.0.64
1027	2014-09-09 14:29:51.759451	0a000041	2014-09-11 07:00:11.100274	7	f	65	\N	1	10.0.0.65
1028	2014-09-09 14:29:51.761343	0a000042	2014-09-11 07:00:11.100985	7	f	66	\N	1	10.0.0.66
1029	2014-09-09 14:29:51.76318	0a000043	2014-09-11 07:00:11.101924	7	f	67	\N	1	10.0.0.67
1030	2014-09-09 14:29:51.765048	0a000044	2014-09-11 07:00:11.102954	7	f	68	\N	1	10.0.0.68
1031	2014-09-09 14:29:51.766724	0a000045	2014-09-11 07:00:11.103687	7	f	69	\N	1	10.0.0.69
1032	2014-09-09 14:29:51.768375	0a000046	2014-09-11 07:00:11.1044	7	f	70	\N	1	10.0.0.70
1033	2014-09-09 14:29:51.770037	0a000047	2014-09-11 07:00:11.105139	7	f	71	\N	1	10.0.0.71
1034	2014-09-09 14:29:51.771778	0a000048	2014-09-11 07:00:11.105874	7	f	72	\N	1	10.0.0.72
1035	2014-09-09 14:29:51.773451	0a000049	2014-09-11 07:00:11.106598	7	f	73	\N	1	10.0.0.73
1036	2014-09-09 14:29:51.775083	0a00004a	2014-09-11 07:00:11.107367	7	f	74	\N	1	10.0.0.74
1037	2014-09-09 14:29:51.776778	0a00004b	2014-09-11 07:00:11.10813	7	f	75	\N	1	10.0.0.75
1038	2014-09-09 14:29:51.778612	0a00004c	2014-09-11 07:00:11.137278	7	f	76	\N	1	10.0.0.76
1039	2014-09-09 14:29:51.780477	0a00004d	2014-09-11 07:00:11.138148	7	f	77	\N	1	10.0.0.77
1040	2014-09-09 14:29:51.782455	0a00004e	2014-09-11 07:00:11.139075	7	f	78	\N	1	10.0.0.78
1041	2014-09-09 14:29:51.784646	0a00004f	2014-09-11 07:00:11.139831	7	f	79	\N	1	10.0.0.79
1042	2014-09-09 14:29:51.799639	0a000050	2014-09-11 07:00:11.140586	7	f	80	\N	1	10.0.0.80
1043	2014-09-09 14:29:51.801676	0a000051	2014-09-11 07:00:11.141323	7	f	81	\N	1	10.0.0.81
1044	2014-09-09 14:29:51.803368	0a000052	2014-09-11 07:00:11.142079	7	f	82	\N	1	10.0.0.82
1045	2014-09-09 14:29:51.805013	0a000053	2014-09-11 07:00:11.142813	7	f	83	\N	1	10.0.0.83
1046	2014-09-09 14:29:51.806659	0a000054	2014-09-11 07:00:11.143519	7	f	84	\N	1	10.0.0.84
1047	2014-09-09 14:29:51.808383	0a000055	2014-09-11 07:00:11.144225	7	f	85	\N	1	10.0.0.85
1048	2014-09-09 14:29:51.810077	0a000056	2014-09-11 07:00:11.144926	7	f	86	\N	1	10.0.0.86
1049	2014-09-09 14:29:51.812032	0a000057	2014-09-11 07:00:11.145625	7	f	87	\N	1	10.0.0.87
1050	2014-09-09 14:29:51.813806	0a000058	2014-09-11 07:00:11.146353	7	f	88	\N	1	10.0.0.88
1051	2014-09-09 14:29:51.815456	0a000059	2014-09-11 07:00:11.147077	7	f	89	\N	1	10.0.0.89
1052	2014-09-09 14:29:51.817127	0a00005a	2014-09-11 07:00:11.147854	7	f	90	\N	1	10.0.0.90
1053	2014-09-09 14:29:51.818753	0a00005b	2014-09-11 07:00:11.148677	7	f	91	\N	1	10.0.0.91
1054	2014-09-09 14:29:51.82042	0a00005c	2014-09-11 07:00:11.149534	7	f	92	\N	1	10.0.0.92
1055	2014-09-09 14:29:51.822133	0a00005d	2014-09-11 07:00:11.150306	7	f	93	\N	1	10.0.0.93
1056	2014-09-09 14:29:51.823762	0a00005e	2014-09-11 07:00:11.151033	7	f	94	\N	1	10.0.0.94
1057	2014-09-09 14:29:51.825357	0a00005f	2014-09-11 07:00:11.151762	7	f	95	\N	1	10.0.0.95
1058	2014-09-09 14:29:51.827049	0a000060	2014-09-11 07:00:11.152463	7	f	96	\N	1	10.0.0.96
1059	2014-09-09 14:29:51.8288	0a000061	2014-09-11 07:00:11.153166	7	f	97	\N	1	10.0.0.97
1060	2014-09-09 14:29:51.830637	0a000062	2014-09-11 07:00:11.153906	7	f	98	\N	1	10.0.0.98
1061	2014-09-09 14:29:51.832502	0a000063	2014-09-11 07:00:11.154622	7	f	99	\N	1	10.0.0.99
1062	2014-09-09 14:29:51.834479	0a000064	2014-09-11 07:00:11.15533	7	f	100	\N	1	10.0.0.100
1063	2014-09-09 14:29:51.846258	0a000065	2014-09-11 07:00:11.156039	7	f	101	\N	1	10.0.0.101
1064	2014-09-09 14:29:51.848528	0a000066	2014-09-11 07:00:11.156741	7	f	102	\N	1	10.0.0.102
1065	2014-09-09 14:29:51.850268	0a000067	2014-09-11 07:00:11.157453	7	f	103	\N	1	10.0.0.103
1066	2014-09-09 14:29:51.851997	0a000068	2014-09-11 07:00:11.158188	7	f	104	\N	1	10.0.0.104
1067	2014-09-09 14:29:51.853774	0a000069	2014-09-11 07:00:11.158907	7	f	105	\N	1	10.0.0.105
1068	2014-09-09 14:29:51.855499	0a00006a	2014-09-11 07:00:11.159611	7	f	106	\N	1	10.0.0.106
1069	2014-09-09 14:29:51.857224	0a00006b	2014-09-11 07:00:11.160311	7	f	107	\N	1	10.0.0.107
1070	2014-09-09 14:29:51.859964	0a00006c	2014-09-11 07:00:11.161011	7	f	108	\N	1	10.0.0.108
1071	2014-09-09 14:29:51.861989	0a00006d	2014-09-11 07:00:11.161708	7	f	109	\N	1	10.0.0.109
1072	2014-09-09 14:29:51.864291	0a00006e	2014-09-11 07:00:11.162419	7	f	110	\N	1	10.0.0.110
1073	2014-09-09 14:29:51.866173	0a00006f	2014-09-11 07:00:11.163125	7	f	111	\N	1	10.0.0.111
1074	2014-09-09 14:29:51.867919	0a000070	2014-09-11 07:00:11.163838	7	f	112	\N	1	10.0.0.112
1075	2014-09-09 14:29:51.86958	0a000071	2014-09-11 07:00:11.16455	7	f	113	\N	1	10.0.0.113
1076	2014-09-09 14:29:51.871293	0a000072	2014-09-11 07:00:11.165253	7	f	114	\N	1	10.0.0.114
1077	2014-09-09 14:29:51.87304	0a000073	2014-09-11 07:00:11.165947	7	f	115	\N	1	10.0.0.115
1078	2014-09-09 14:29:51.87472	0a000074	2014-09-11 07:00:11.166678	7	f	116	\N	1	10.0.0.116
1079	2014-09-09 14:29:51.876399	0a000075	2014-09-11 07:00:11.167373	7	f	117	\N	1	10.0.0.117
1080	2014-09-09 14:29:51.878127	0a000076	2014-09-11 07:00:11.168068	7	f	118	\N	1	10.0.0.118
1081	2014-09-09 14:29:51.879819	0a000077	2014-09-11 07:00:11.168768	7	f	119	\N	1	10.0.0.119
1082	2014-09-09 14:29:51.881583	0a000078	2014-09-11 07:00:11.169461	7	f	120	\N	1	10.0.0.120
1083	2014-09-09 14:29:51.883546	0a000079	2014-09-11 07:00:11.170164	7	f	121	\N	1	10.0.0.121
1084	2014-09-09 14:29:51.898376	0a00007a	2014-09-11 07:00:11.17086	7	f	122	\N	1	10.0.0.122
1085	2014-09-09 14:29:51.900206	0a00007b	2014-09-11 07:00:11.17155	7	f	123	\N	1	10.0.0.123
1086	2014-09-09 14:29:51.901994	0a00007c	2014-09-11 07:00:11.172257	7	f	124	\N	1	10.0.0.124
1087	2014-09-09 14:29:51.903722	0a00007d	2014-09-11 07:00:11.172999	7	f	125	\N	1	10.0.0.125
1088	2014-09-09 14:29:51.905441	0a00007e	2014-09-11 07:00:11.173711	7	f	126	\N	1	10.0.0.126
1089	2014-09-09 14:29:51.907308	0a00007f	2014-09-11 07:00:11.174399	7	f	127	\N	1	10.0.0.127
1090	2014-09-09 14:29:51.909269	0a000080	2014-09-11 07:00:11.175099	7	f	128	\N	1	10.0.0.128
1091	2014-09-09 14:29:51.911225	0a000081	2014-09-11 07:00:11.175839	7	f	129	\N	1	10.0.0.129
1092	2014-09-09 14:29:51.913117	0a000082	2014-09-11 07:00:11.176543	7	f	130	\N	1	10.0.0.130
1093	2014-09-09 14:29:51.914882	0a000083	2014-09-11 07:00:11.177252	7	f	131	\N	1	10.0.0.131
1094	2014-09-09 14:29:51.916602	0a000084	2014-09-11 07:00:11.177945	7	f	132	\N	1	10.0.0.132
1095	2014-09-09 14:29:51.918298	0a000085	2014-09-11 07:00:11.178674	7	f	133	\N	1	10.0.0.133
1096	2014-09-09 14:29:51.919992	0a000086	2014-09-11 07:00:11.179394	7	f	134	\N	1	10.0.0.134
1097	2014-09-09 14:29:51.921676	0a000087	2014-09-11 07:00:11.18009	7	f	135	\N	1	10.0.0.135
1098	2014-09-09 14:29:51.923412	0a000088	2014-09-11 07:00:11.180836	7	f	136	\N	1	10.0.0.136
1099	2014-09-09 14:29:51.925092	0a000089	2014-09-11 07:00:11.181603	7	f	137	\N	1	10.0.0.137
1100	2014-09-09 14:29:51.92675	0a00008a	2014-09-11 07:00:11.182341	7	f	138	\N	1	10.0.0.138
1101	2014-09-09 14:29:51.928631	0a00008b	2014-09-11 07:00:11.183103	7	f	139	\N	1	10.0.0.139
1102	2014-09-09 14:29:51.930533	0a00008c	2014-09-11 07:00:11.183829	7	f	140	\N	1	10.0.0.140
1103	2014-09-09 14:29:51.932332	0a00008d	2014-09-11 07:00:11.184569	7	f	141	\N	1	10.0.0.141
1104	2014-09-09 14:29:51.934414	0a00008e	2014-09-11 07:00:11.185295	7	f	142	\N	1	10.0.0.142
1105	2014-09-09 14:29:51.948777	0a00008f	2014-09-11 07:00:11.18603	7	f	143	\N	1	10.0.0.143
1106	2014-09-09 14:29:51.950672	0a000090	2014-09-11 07:00:11.186747	7	f	144	\N	1	10.0.0.144
1107	2014-09-09 14:29:51.95235	0a000091	2014-09-11 07:00:11.187465	7	f	145	\N	1	10.0.0.145
1108	2014-09-09 14:29:51.954007	0a000092	2014-09-11 07:00:11.188192	7	f	146	\N	1	10.0.0.146
1109	2014-09-09 14:29:51.955717	0a000093	2014-09-11 07:00:11.188915	7	f	147	\N	1	10.0.0.147
1110	2014-09-09 14:29:51.957438	0a000094	2014-09-11 07:00:11.189694	7	f	148	\N	1	10.0.0.148
1111	2014-09-09 14:29:51.959117	0a000095	2014-09-11 07:00:11.19048	7	f	149	\N	1	10.0.0.149
1112	2014-09-09 14:29:51.960826	0a000096	2014-09-11 07:00:11.191241	7	f	150	\N	1	10.0.0.150
1113	2014-09-09 14:29:51.962855	0a000097	2014-09-11 07:00:11.192041	7	f	151	\N	1	10.0.0.151
1114	2014-09-09 14:29:51.964738	0a000098	2014-09-11 07:00:11.192791	7	f	152	\N	1	10.0.0.152
1115	2014-09-09 14:29:51.966438	0a000099	2014-09-11 07:00:11.193502	7	f	153	\N	1	10.0.0.153
1116	2014-09-09 14:29:51.968098	0a00009a	2014-09-11 07:00:11.194203	7	f	154	\N	1	10.0.0.154
1117	2014-09-09 14:29:51.969772	0a00009b	2014-09-11 07:00:11.194908	7	f	155	\N	1	10.0.0.155
1118	2014-09-09 14:29:51.971508	0a00009c	2014-09-11 07:00:11.195618	7	f	156	\N	1	10.0.0.156
1119	2014-09-09 14:29:51.973214	0a00009d	2014-09-11 07:00:11.196328	7	f	157	\N	1	10.0.0.157
1120	2014-09-09 14:29:51.97497	0a00009e	2014-09-11 07:00:11.197029	7	f	158	\N	1	10.0.0.158
1121	2014-09-09 14:29:51.976629	0a00009f	2014-09-11 07:00:11.197726	7	f	159	\N	1	10.0.0.159
1122	2014-09-09 14:29:51.978668	0a0000a0	2014-09-11 07:00:11.198455	7	f	160	\N	1	10.0.0.160
1123	2014-09-09 14:29:51.980465	0a0000a1	2014-09-11 07:00:11.199167	7	f	161	\N	1	10.0.0.161
1124	2014-09-09 14:29:51.982386	0a0000a2	2014-09-11 07:00:11.1999	7	f	162	\N	1	10.0.0.162
1125	2014-09-09 14:29:51.98436	0a0000a3	2014-09-11 07:00:11.200604	7	f	163	\N	1	10.0.0.163
1126	2014-09-09 14:29:51.9992	0a0000a4	2014-09-11 07:00:11.201318	7	f	164	\N	1	10.0.0.164
1127	2014-09-09 14:29:52.00104	0a0000a5	2014-09-11 07:00:11.202026	7	f	165	\N	1	10.0.0.165
1128	2014-09-09 14:29:52.002688	0a0000a6	2014-09-11 07:00:11.202739	7	f	166	\N	1	10.0.0.166
1129	2014-09-09 14:29:52.004801	0a0000a7	2014-09-11 07:00:11.203459	7	f	167	\N	1	10.0.0.167
1130	2014-09-09 14:29:52.006567	0a0000a8	2014-09-11 07:00:11.204207	7	f	168	\N	1	10.0.0.168
1131	2014-09-09 14:29:52.008285	0a0000a9	2014-09-11 07:00:11.204903	7	f	169	\N	1	10.0.0.169
1132	2014-09-09 14:29:52.010029	0a0000aa	2014-09-11 07:00:11.205627	7	f	170	\N	1	10.0.0.170
1133	2014-09-09 14:29:52.011892	0a0000ab	2014-09-11 07:00:11.206336	7	f	171	\N	1	10.0.0.171
1134	2014-09-09 14:29:52.014549	0a0000ac	2014-09-11 07:00:11.20703	7	f	172	\N	1	10.0.0.172
1135	2014-09-09 14:29:52.018634	0a0000ad	2014-09-11 07:00:11.207836	7	f	173	\N	1	10.0.0.173
1136	2014-09-09 14:29:52.021355	0a0000ae	2014-09-11 07:00:11.208575	7	f	174	\N	1	10.0.0.174
1137	2014-09-09 14:29:52.023315	0a0000af	2014-09-11 07:00:11.209277	7	f	175	\N	1	10.0.0.175
1138	2014-09-09 14:29:52.025406	0a0000b0	2014-09-11 07:00:11.209974	7	f	176	\N	1	10.0.0.176
1139	2014-09-09 14:29:52.027738	0a0000b1	2014-09-11 07:00:11.2107	7	f	177	\N	1	10.0.0.177
1140	2014-09-09 14:29:52.030156	0a0000b2	2014-09-11 07:00:11.211395	7	f	178	\N	1	10.0.0.178
1141	2014-09-09 14:29:52.032433	0a0000b3	2014-09-11 07:00:11.212089	7	f	179	\N	1	10.0.0.179
1142	2014-09-09 14:29:52.034637	0a0000b4	2014-09-11 07:00:11.21279	7	f	180	\N	1	10.0.0.180
1143	2014-09-09 14:29:52.046784	0a0000b5	2014-09-11 07:00:11.213502	7	f	181	\N	1	10.0.0.181
1144	2014-09-09 14:29:52.049019	0a0000b6	2014-09-11 07:00:11.214285	7	f	182	\N	1	10.0.0.182
1145	2014-09-09 14:29:52.050759	0a0000b7	2014-09-11 07:00:11.215046	7	f	183	\N	1	10.0.0.183
1146	2014-09-09 14:29:52.052502	0a0000b8	2014-09-11 07:00:11.215904	7	f	184	\N	1	10.0.0.184
1147	2014-09-09 14:29:52.054164	0a0000b9	2014-09-11 07:00:11.216614	7	f	185	\N	1	10.0.0.185
1148	2014-09-09 14:29:52.055842	0a0000ba	2014-09-11 07:00:11.217318	7	f	186	\N	1	10.0.0.186
1149	2014-09-09 14:29:52.057513	0a0000bb	2014-09-11 07:00:11.218043	7	f	187	\N	1	10.0.0.187
1150	2014-09-09 14:29:52.059215	0a0000bc	2014-09-11 07:00:11.218769	7	f	188	\N	1	10.0.0.188
1151	2014-09-09 14:29:52.060982	0a0000bd	2014-09-11 07:00:11.219518	7	f	189	\N	1	10.0.0.189
1152	2014-09-09 14:29:52.062914	0a0000be	2014-09-11 07:00:11.220256	7	f	190	\N	1	10.0.0.190
1153	2014-09-09 14:29:52.064686	0a0000bf	2014-09-11 07:00:11.220978	7	f	191	\N	1	10.0.0.191
1154	2014-09-09 14:29:52.066415	0a0000c0	2014-09-11 07:00:11.221681	7	f	192	\N	1	10.0.0.192
1155	2014-09-09 14:29:52.068087	0a0000c1	2014-09-11 07:00:11.222402	7	f	193	\N	1	10.0.0.193
1156	2014-09-09 14:29:52.069754	0a0000c2	2014-09-11 07:00:11.223114	7	f	194	\N	1	10.0.0.194
1157	2014-09-09 14:29:52.071426	0a0000c3	2014-09-11 07:00:11.22382	7	f	195	\N	1	10.0.0.195
1158	2014-09-09 14:29:52.073083	0a0000c4	2014-09-11 07:00:11.224511	7	f	196	\N	1	10.0.0.196
1159	2014-09-09 14:29:52.074849	0a0000c5	2014-09-11 07:00:11.225217	7	f	197	\N	1	10.0.0.197
1160	2014-09-09 14:29:52.076628	0a0000c6	2014-09-11 07:00:11.225922	7	f	198	\N	1	10.0.0.198
1161	2014-09-09 14:29:52.078534	0a0000c7	2014-09-11 07:00:11.22663	7	f	199	\N	1	10.0.0.199
1162	2014-09-09 14:29:52.08046	0a0000c8	2014-09-11 07:00:11.227358	7	f	200	\N	1	10.0.0.200
1163	2014-09-09 14:29:52.082897	0a0000c9	2014-09-11 07:00:11.228059	7	f	201	\N	1	10.0.0.201
1164	2014-09-09 14:29:52.084803	0a0000ca	2014-09-11 07:00:11.228779	7	f	202	\N	1	10.0.0.202
1165	2014-09-09 14:29:52.098593	0a0000cb	2014-09-11 07:00:11.229469	7	f	203	\N	1	10.0.0.203
1166	2014-09-09 14:29:52.100394	0a0000cc	2014-09-11 07:00:11.230191	7	f	204	\N	1	10.0.0.204
1167	2014-09-09 14:29:52.102119	0a0000cd	2014-09-11 07:00:11.230902	7	f	205	\N	1	10.0.0.205
1168	2014-09-09 14:29:52.103773	0a0000ce	2014-09-11 07:00:11.231627	7	f	206	\N	1	10.0.0.206
1169	2014-09-09 14:29:52.105427	0a0000cf	2014-09-11 07:00:11.232333	7	f	207	\N	1	10.0.0.207
1170	2014-09-09 14:29:52.107429	0a0000d0	2014-09-11 07:00:11.233028	7	f	208	\N	1	10.0.0.208
1171	2014-09-09 14:29:52.109092	0a0000d1	2014-09-11 07:00:11.233729	7	f	209	\N	1	10.0.0.209
1172	2014-09-09 14:29:52.110771	0a0000d2	2014-09-11 07:00:11.234448	7	f	210	\N	1	10.0.0.210
1173	2014-09-09 14:29:52.112778	0a0000d3	2014-09-11 07:00:11.235153	7	f	211	\N	1	10.0.0.211
1174	2014-09-09 14:29:52.114855	0a0000d4	2014-09-11 07:00:11.235921	7	f	212	\N	1	10.0.0.212
1175	2014-09-09 14:29:52.116613	0a0000d5	2014-09-11 07:00:11.236681	7	f	213	\N	1	10.0.0.213
1176	2014-09-09 14:29:52.118421	0a0000d6	2014-09-11 07:00:11.237427	7	f	214	\N	1	10.0.0.214
1177	2014-09-09 14:29:52.120187	0a0000d7	2014-09-11 07:00:11.23819	7	f	215	\N	1	10.0.0.215
1178	2014-09-09 14:29:52.121947	0a0000d8	2014-09-11 07:00:11.238943	7	f	216	\N	1	10.0.0.216
1179	2014-09-09 14:29:52.123678	0a0000d9	2014-09-11 07:00:11.239666	7	f	217	\N	1	10.0.0.217
1180	2014-09-09 14:29:52.125522	0a0000da	2014-09-11 07:00:11.24042	7	f	218	\N	1	10.0.0.218
1181	2014-09-09 14:29:52.127297	0a0000db	2014-09-11 07:00:11.241169	7	f	219	\N	1	10.0.0.219
1182	2014-09-09 14:29:52.129235	0a0000dc	2014-09-11 07:00:11.241923	7	f	220	\N	1	10.0.0.220
1183	2014-09-09 14:29:52.13099	0a0000dd	2014-09-11 07:00:11.242699	7	f	221	\N	1	10.0.0.221
1184	2014-09-09 14:29:52.132787	0a0000de	2014-09-11 07:00:11.243438	7	f	222	\N	1	10.0.0.222
1185	2014-09-09 14:29:52.134637	0a0000df	2014-09-11 07:00:11.244166	7	f	223	\N	1	10.0.0.223
1186	2014-09-09 14:29:52.149111	0a0000e0	2014-09-11 07:00:11.244889	7	f	224	\N	1	10.0.0.224
1187	2014-09-09 14:29:52.15094	0a0000e1	2014-09-11 07:00:11.245617	7	f	225	\N	1	10.0.0.225
1188	2014-09-09 14:29:52.152682	0a0000e2	2014-09-11 07:00:11.246368	7	f	226	\N	1	10.0.0.226
1189	2014-09-09 14:29:52.154379	0a0000e3	2014-09-11 07:00:11.247162	7	f	227	\N	1	10.0.0.227
1190	2014-09-09 14:29:52.156099	0a0000e4	2014-09-11 07:00:11.247962	7	f	228	\N	1	10.0.0.228
1191	2014-09-09 14:29:52.15776	0a0000e5	2014-09-11 07:00:11.248716	7	f	229	\N	1	10.0.0.229
1192	2014-09-09 14:29:52.159503	0a0000e6	2014-09-11 07:00:11.249434	7	f	230	\N	1	10.0.0.230
1193	2014-09-09 14:29:52.161241	0a0000e7	2014-09-11 07:00:11.250137	7	f	231	\N	1	10.0.0.231
1194	2014-09-09 14:29:52.163244	0a0000e8	2014-09-11 07:00:11.250851	7	f	232	\N	1	10.0.0.232
1195	2014-09-09 14:29:52.165022	0a0000e9	2014-09-11 07:00:11.25156	7	f	233	\N	1	10.0.0.233
1196	2014-09-09 14:29:52.166743	0a0000ea	2014-09-11 07:00:11.252256	7	f	234	\N	1	10.0.0.234
1197	2014-09-09 14:29:52.168436	0a0000eb	2014-09-11 07:00:11.252953	7	f	235	\N	1	10.0.0.235
1198	2014-09-09 14:29:52.170129	0a0000ec	2014-09-11 07:00:11.253707	7	f	236	\N	1	10.0.0.236
1199	2014-09-09 14:29:52.17182	0a0000ed	2014-09-11 07:00:11.254433	7	f	237	\N	1	10.0.0.237
1200	2014-09-09 14:29:52.173523	0a0000ee	2014-09-11 07:00:11.255154	7	f	238	\N	1	10.0.0.238
1201	2014-09-09 14:29:52.175367	0a0000ef	2014-09-11 07:00:11.255888	7	f	239	\N	1	10.0.0.239
1202	2014-09-09 14:29:52.177137	0a0000f0	2014-09-11 07:00:11.256581	7	f	240	\N	1	10.0.0.240
1203	2014-09-09 14:29:52.179036	0a0000f1	2014-09-11 07:00:11.257312	7	f	241	\N	1	10.0.0.241
1204	2014-09-09 14:29:52.181071	0a0000f2	2014-09-11 07:00:11.25805	7	f	242	\N	1	10.0.0.242
1205	2014-09-09 14:29:52.184722	0a0000f3	2014-09-11 07:00:11.258842	7	f	243	\N	1	10.0.0.243
1206	2014-09-09 14:29:52.188521	0a0000f4	2014-09-11 07:00:11.259579	7	f	244	\N	1	10.0.0.244
1207	2014-09-09 14:29:52.199549	0a0000f5	2014-09-11 07:00:11.260291	7	f	245	\N	1	10.0.0.245
1208	2014-09-09 14:29:52.201475	0a0000f6	2014-09-11 07:00:11.261003	7	f	246	\N	1	10.0.0.246
1209	2014-09-09 14:29:52.203416	0a0000f7	2014-09-11 07:00:11.261698	7	f	247	\N	1	10.0.0.247
1210	2014-09-09 14:29:52.205139	0a0000f8	2014-09-11 07:00:11.26243	7	f	248	\N	1	10.0.0.248
1211	2014-09-09 14:29:52.208429	0a0000f9	2014-09-11 07:00:11.263142	7	f	249	\N	1	10.0.0.249
1212	2014-09-09 14:29:52.210125	0a0000fa	2014-09-11 07:00:11.263855	7	f	250	\N	1	10.0.0.250
1213	2014-09-09 14:29:52.211999	0a0000fb	2014-09-11 07:00:11.264583	7	f	251	\N	1	10.0.0.251
1214	2014-09-09 14:29:52.213948	0a0000fc	2014-09-11 07:00:11.265271	7	f	252	\N	1	10.0.0.252
1215	2014-09-09 14:29:52.215765	0a0000fd	2014-09-11 07:00:11.265974	7	f	253	\N	1	10.0.0.253
1216	2014-09-09 14:29:52.217589	0a0000fe	2014-09-11 07:00:11.266665	7	f	254	\N	1	10.0.0.254
1217	2014-09-09 14:29:52.219515	0a0000ff	2014-09-11 07:00:11.267423	7	t	255	\N	1	10.0.0.255
935	2013-01-15 14:57:55.777	c00cc107	2014-09-18 08:41:24.484577	1	t	7	\\xc00cc107	2	192.12.193.7
159	2009-11-09 13:10:50.495	c0a81103	2014-11-05 10:03:24.576886	2	t	3	\\xc0a81103	2	192.168.17.3
122	2009-11-04 13:40:57.952	c00cc108	2015-06-12 13:57:02.057712	1	t	8	\\xc00cc108	2	192.12.193.8
234	2009-11-09 13:10:50.738	c0a81102	2015-07-03 13:36:20.938315	2	t	2	\\xc0a81102	2	192.168.17.2
43	2009-11-04 13:40:57.411	c00cc17c	2017-03-07 16:01:28.423497	1	t	124	\\xc00cc17c	2	192.12.193.124
269	2009-11-09 13:10:50.847	c0a8117c	2017-03-07 16:03:24.64805	2	t	124	\\xc0a8117c	2	192.168.17.124
223	2009-11-09 13:10:50.703	c0a81139	2017-05-11 15:53:35.641361	2	t	57	\\xc0a81139	2	192.168.17.57
357	2009-11-09 13:10:51.155	c0a81145	2017-10-31 16:19:03.962556	2	t	69	\\xc0a81145	2	192.168.17.69
\.


--
-- Name: address_id_seq; Type: SEQUENCE SET; Schema: public; Owner: postgres
--

SELECT pg_catalog.setval('address_id_seq', 1473, true);


--
-- Data for Name: assigned_address; Type: TABLE DATA; Schema: public; Owner: postgres
--

COPY assigned_address (id, address_id, created_at, description, enabled, hardware_id, hostname, updated_at, location_port_id, mac, operator_id, lock_version, last_seen_date) FROM stdin;
140	305	2010-10-29 09:38:02.128	\N	t	6	\N	2010-10-29 09:38:02.128	93	00:21:5a:8f:23:12	85	0	\N
96	107	2009-11-11 14:01:57.45	mac luca	t	3	chumby	2018-01-09 15:00:05.062628	22	28:37:37:00:6d:c8	86	265	2018-01-09 14:41:19
93	79	2009-11-04 17:22:48.512	OLD: 68:5b:35:97:96:fd - OLD^2: 00:03:93:47:a5:60	t	2	mac-silvatici	2019-02-13 10:00:04.872191	29	78:7b:8a:c7:af:28	21	2150	2019-02-13 09:00:26
8	81	2009-11-04 17:22:15.692	quello vecchio era: 00:26:55:3a:3d:12 e prima 00:0e:7f:62:5c:dd 	t	2	queen	2019-02-13 11:00:07.320987	7	b4:b5:2f:c9:68:6e	9	8215	2019-02-13 10:45:53
124	126	2010-05-06 09:12:44.794	pc windows per condivisione file	t	4	admsrv	2010-11-16 15:07:34.456	2	00:0b:cd:e7:d5:b9	31	0	\N
233	185	2015-03-18 15:29:46.032722		t	9	gw4528	2015-06-11 10:00:04.874808	\N	00:a0:ba:06:85:b5	38	272	2015-06-11 11:00:06
136	624	2010-09-20 13:40:05.014	hilafax	t	4	faxserver	2010-12-01 10:15:06.573	\N	00:08:54:51:1c:69	38	0	\N
154	537	2011-01-28 15:25:55.95	faxserver-backup registro	t	4	faxserver-backup	2011-01-28 15:25:55.95	\N	00:30:48:59:96:90	38	0	\N
107	219	2010-02-04 13:40:42.05		t	6	hp-477-a22	2019-02-05 08:00:05.350617	127	10:62:e5:62:17:ca	116	6794	2019-02-05 07:27:01
249	209	2015-12-18 13:31:59.817095		t	6	xerox-8580-b3	2019-02-11 16:00:05.378488	124	9c:93:4e:5f:de:72	34	571	2019-02-11 15:07:05
54	2	2009-11-04 17:22:31.453	ex. marconi	t	2	pc-leo	2018-04-04 11:00:05.155967	46	00:0f:fe:82:b0:88	38	23422	2018-04-04 10:59:06
280	916	2018-01-22 13:56:56.126329	OLD: 58:ef:68:14:38:75 :: VERY OLD mac-address : a8:60:b6:28:7f:f6	t	3	nb-amenta	2019-02-13 11:00:07.400424	106	48:65:ee:11:9c:1c	132	24860	2019-02-13 10:59:40
164	364	2012-04-16 10:31:44.768	stampante faxserver lar	t	6	hpfax-lar	2012-04-26 15:10:17.458	115	00:14:38:a1:3c:39	38	0	\N
286	949	2018-04-10 05:38:40.278517	vm-windows	t	8	windows-puliero	2018-11-06 08:00:04.683284	\N	08:00:27:f4:c8:01	114	1263	2018-11-06 07:07:22
255	951	2016-02-10 16:26:56.234554	Rete di backup per il PC dell'aula A32	t	2	pc-a32	2019-02-07 09:00:04.668956	\N	00:10:18:cc:10:7a	12	3850	2019-02-07 08:10:41
34	64	2009-11-04 17:22:23.766	OLD: 00:24:81:1b:e6:58 - host: rera11 	t	2	pc-silvatici	2017-02-07 13:00:04.984486	103	78:ac:c0:a7:0d:4c	21	5423	2017-02-07 12:09:37
305	643	2018-11-14 08:48:44.509963	XPS 13'' Luca Vasarelli	t	3	xen	2018-11-30 18:00:06.118741	\N	a4:4c:c8:ee:8d:5d	117	6	2018-11-30 17:14:41
299	648	2018-07-25 05:54:39.998574	Etichettatrice	t	6	etichettatrice-zebra	2019-02-08 10:00:05.089414	\N	00:07:4d:85:6c:d7	80	1498	2019-02-08 09:01:16
137	106	2010-09-29 09:30:10.212	old: 2c:41:38:a1:62:b9 very old: 00:0f:fe:1f:fa:dc	t	2	pc-gherarducci	2019-02-12 08:00:04.874373	108	18:60:24:7c:3b:e7	103	8455	2019-02-12 07:03:17
237	212	2015-05-27 12:27:52.73429		t	6	hp2055-a16	2018-01-10 09:00:04.259285	\N	1c:c1:de:cb:ae:d9	92	1061	2018-01-10 08:33:28
307	18	2019-01-22 14:32:25.418276		t	2	pc-succurro	2019-02-13 09:00:05.507794	33	00:10:18:af:d5:f9	93	116	2019-02-13 08:53:57
70	40	2009-11-04 17:22:38.414	ex. marconi	t	2	server-ora-old	2013-01-15 13:49:38.954	62	00:50:da:45:37:f2	80	0	\N
180	924	2013-01-15 14:24:40.985	\N	t	3	mac-dimaria	2013-01-15 14:24:40.985	\N	10:9a:dd:64:bb:bd	122	0	\N
114	65	2010-03-01 14:40:07.094	fisso serrecchia OLD: 6c:62:6d:50:fc:9e	t	2	pc-michela-serrecchia	2018-10-22 14:00:05.710269	100	18:60:24:8d:01:f8	92	4284	2018-10-22 13:18:03
258	83	2016-08-29 07:42:55.363513		t	3	macbook-spinelli	2019-02-12 09:00:05.639131	\N	38:c9:86:3c:12:d9	123	807	2019-02-12 08:27:01
308	53	2019-01-23 16:47:27.067781	Raspberry PI - Indirizzo temporaneo sulla 192.12.193.0/25 per configurazione iniziale	t	4	raspone.tools.nic.it	2019-01-25 18:00:05.867938	\N	b8:27:eb:a1:f0:3a	89	37	2019-01-25 17:26:00
251	340	2016-01-12 09:55:06.242332		t	6	hp3005n-b8	2018-02-21 10:00:05.12203	\N	00:1a:4b:22:db:60	96	766	2018-02-21 09:36:52
267	7	2017-06-06 13:58:27.475876		t	3	leonardo-vaio	2017-12-29 08:00:04.833223	\N	00:13:a9:29:b4:e3	38	15	2017-12-29 07:19:09
295	31	2018-07-04 12:35:33.628955		t	3	bangarang	2018-07-09 16:17:38.843251	\N	48:65:ee:11:a4:11	120	1	\N
302	921	2018-09-27 14:48:58.154884	"Nuovo protocollo" (mail del 27/09/2018)	t	2	protocollo2-new	2019-02-13 09:00:05.460375	\N	a0:d3:c1:3f:2d:e2	80	389	2019-02-13 08:41:46
303	46	2018-10-09 07:54:31.65093	Virtualizzatore di host adibiti precipuamente ai vari corsi	t	2	corsi-r1	2018-11-12 10:00:06.390922	\N	90:b1:1c:64:9b:ff	89	11	2018-11-12 09:56:48
244	910	2015-10-27 13:19:35.182923	old mac: 68:5b:35:83:5b:bb	t	3	mac-leo	2018-02-22 12:00:05.130354	\N	a8:20:66:40:f5:82	38	22	2018-02-22 11:09:17
6	12	2009-11-04 17:22:15.314	OLD: b4:b5:2f:c9:5b:13	t	2	pcalice	2019-02-13 11:00:07.33977	5	18:60:24:7b:e9:26	7	15381	2019-02-13 10:49:23
288	128	2018-06-06 06:10:20.321912		t	3	leo-new-macbook	2018-11-26 08:00:05.31624	\N	48:65:ee:11:a3:f2	38	6785	2018-11-26 07:49:33
266	941	2017-02-22 08:59:42.967817	Accesso per tecnico HDS per attivita' agg. FW storage HUS150 e AMS2100: OLD: 68:f7:28:10:96:5d	t	3	morsia-hds	2018-01-23 12:00:05.273694	\N	c8:5b:76:fd:11:6c	4	16	2018-01-23 11:10:38
185	179	2013-03-18 13:12:39.395	OLD MAC: 00:17:a4:95:66:3f	t	6	hp3005-cs	2018-07-16 16:00:06.137237	\N	00:17:08:90:4c:8e	80	1027	2018-07-16 15:54:53
252	174	2016-01-12 13:46:00.005871	OLD: ac:e2:d3:49:a9:37	t	6	hp-477-b55	2019-02-11 09:00:05.162135	\N	ac:e2:d3:49:d9:33	33	5990	2019-02-11 08:43:52
175	914	2013-01-03 09:32:13.546	\N	t	3	mac-vannozzi	2018-02-09 14:00:04.928246	\N	a8:20:66:06:98:cc	80	16	2018-02-09 13:45:03
296	114	2018-07-17 10:48:14.668943		t	2	pc-lami	2019-02-13 11:00:07.342295	\N	78:7b:8a:ce:39:63	16	283	2019-02-13 10:49:52
301	127	2018-08-07 12:52:07.303318	mac bassi	t	2	mac-bassi	2019-02-13 08:00:05.156158	\N	78:7b:8a:cc:e6:7b	27	271	2019-02-13 07:49:50
123	80	2010-04-29 11:11:40.446	imac old:10:dd:b1:a5:46:0e	t	2	mac-raciti	2019-02-09 12:00:05.808238	106	78:7b:8a:c7:ae:da	96	1837	2019-02-09 11:55:19
207	132	2014-04-02 10:45:12.724	timecapsule	t	7	tc-rera5	2019-01-30 15:00:05.000369	\N	80:ea:96:e5:bb:f6	27	19509	2019-01-30 14:34:02
104	24	2010-02-04 10:57:47.444	hp cp 6015 a colori	t	6	hpcp6015dn-a23	2019-02-05 09:00:05.531606	90	44:1e:a1:30:30:3d	89	1840	2019-02-05 08:54:32
284	8	2018-03-20 14:31:28.542242	OLD: 40:61:86:32:f1:b0	t	2	pc-rabozzi	2019-02-07 09:00:04.778842	134	b4:b5:2f:c9:69:7a	135	1063	2019-02-07 08:47:59
297	22	2018-07-18 14:33:31.243002		t	2	pc-moretti-new	2019-02-13 08:00:05.14459	\N	78:7b:8a:c7:af:31	26	127	2019-02-13 07:46:08
2	119	2009-11-04 17:22:14.622	\N	t	2	jack	2019-02-05 08:00:05.412402	2	00:3e:e1:bf:bb:81	3	3270	2019-02-05 07:32:54
189	938	2013-05-08 14:21:13.865	\N	t	3	mac-severino	2013-05-08 14:21:13.865	\N	30:f9:ed:c0:8c:98	35	0	\N
78	62	2009-11-04 17:22:41.78	andrea vivaldi	t	2	ninja	2019-02-11 07:00:05.260893	129	68:5b:35:97:bb:22	114	1593	2019-02-11 06:17:16
242	139	2015-06-11 09:05:23.121394		t	6	xeroxcq8580-a22	2019-02-13 11:00:07.173051	127	9c:93:4e:5f:de:71	4	16940	2019-02-13 10:13:31
31	56	2009-11-04 17:22:22.864	imac mazzanti	t	2	rera7	2019-02-13 09:00:05.392089	27	78:7b:8a:ce:39:2d	17	2994	2019-02-13 08:25:03
298	11	2018-07-20 10:22:17.457803		t	2	pc-dimaria	2019-02-13 08:00:05.10637	\N	18:60:24:7b:e9:1e	122	759	2019-02-13 07:23:58
169	917	2012-09-03 15:17:52.982		t	2	blackmesa	2019-02-13 11:00:07.326536	\N	d8:9e:f3:3e:ce:8d	117	33017	2019-02-13 10:46:26
13	50	2009-11-04 17:22:16.867	\N	t	2	fabio-pc	2019-02-04 10:00:06.015663	12	00:10:18:ea:b6:cd	12	23730	2019-02-04 09:52:08
236	206	2015-05-11 12:28:39.041625		t	4	faxserver-new	2015-06-08 14:00:05.699947	\N	52:54:00:bc:bf:c5	38	131	2015-06-08 15:16:54
285	134	2018-04-05 09:04:31.15343	Old: 9c:93:4e:39:94:b4	t	6	xerox-3260-b08	2019-02-07 03:00:05.31296	137	b4:b6:86:01:92:2d	132	5661	2019-02-07 02:23:01
159	912	2012-03-02 09:47:59.736	imac	t	2	mauk	2019-02-11 08:00:04.713188	\N	78:7b:8a:ce:37:fd	114	1431	2019-02-11 07:52:09
262	208	2017-02-02 14:09:37.107898		t	10	tc-giannetti	2019-02-13 06:00:04.434922	\N	78:ca:39:ff:98:ca	110	1016	2019-02-13 05:39:14
227	47	2014-12-04 11:16:12.984311	Time Capsule provvisoria: 20:c9:d0:12:07:b4	t	2	emergency-vannozzi	2016-06-29 15:00:06.353359	\N	3c:07:54:38:f0:ce	80	100	2016-06-29 16:54:38
290	944	2018-06-22 07:10:31.116376	Nuovo PC 	t	2	pc-vanni-new	2019-02-13 08:00:05.161913	\N	18:60:24:8d:02:02	121	851	2019-02-13 07:56:57
211	324	2014-08-28 15:15:38.367	centralino voip	t	5	kpbxn	2014-08-28 15:21:00.335	\N	00:25:90:6c:37:97	38	0	\N
212	245	2014-08-28 15:23:47.497	centralino voip	t	5	kpbxs	2014-08-28 15:23:47.497	\N	00:25:90:95:09:51	38	0	\N
213	175	2014-08-28 15:25:41.819	patton voip	t	5	patton1	2014-08-28 15:25:41.819	\N	00:a0:ba:05:37:d0	38	0	\N
217	963	2014-09-10 14:21:15.318117	test	t	2	pippo	2014-09-10 15:43:08.46861	\N	d2:00:1e:fa:6a:a0	4	15	\N
218	1220	2014-09-16 07:38:45.771965	test per verifica	t	2	pippolo2	2014-09-16 07:38:45.771965	\N	06:54:53:00:00:a6	4	0	\N
166	375	2012-04-16 10:35:32.092	stampante faxserver expired	t	6	hpfax-expired	2018-08-13 09:00:06.267902	98	00:21:5a:7a:fe:66	38	1030	2018-08-13 08:07:06
264	94	2017-02-10 08:32:49.504335	ex desktop Martinelli (10:dd:b1:b9:08:42)	t	2	imac-malvaldi	2019-02-13 10:00:04.900949	\N	78:7b:8a:ce:37:a2	97	1468	2019-02-13 09:10:12
281	273	2018-01-26 15:29:58.542097	Telefono VOIP sip-t20p-tagliaferi	t	5	sip-t20p-tagliaferi	2019-02-12 18:00:05.018163	\N	00:15:65:46:6a:99	38	2855	2019-02-12 17:01:04
167	929	2012-07-27 11:06:19.084	Vecchio MAC (fino al 19/09/2018) -> d4:9a:20:b8:f6:4e	t	2	mac-martusciello	2019-02-13 09:00:05.469305	\N	78:7b:8a:c7:af:4a	115	1795	2019-02-13 08:42:41
228	956	2014-12-12 07:34:28.339393	telefono voip	t	5	snoom2	2019-02-13 11:00:07.268618	\N	00:08:7b:07:82:a4	38	40561	2019-02-13 10:37:29
4	34	2009-11-04 17:22:14.985	OLD: 10:dd:b1:b9:08:42	t	2	shuttle	2019-02-12 18:00:05.075362	3	a8:60:b6:00:4a:99	5	1985	2019-02-12 17:35:13
304	37	2018-10-09 14:02:43.671228	Virtualizzatore di host adibiti precipuamente ai vari corsi	t	2	corsi-r2	2018-11-12 10:00:06.393932	\N	90:b1:1c:64:97:32	89	12	2018-11-12 09:56:50
188	937	2013-03-29 11:16:47.515	apple imac - fu' Stefano Cicero - OLD: 10:dd:b1:af:69:09	t	2	imac-marra	2019-02-12 11:00:05.16294	\N	78:7b:8a:ce:39:a5	11	2443	2019-02-12 10:08:59
122	180	2010-04-26 16:05:39.254	stampante multi-fuzione ; OLD MAC: 00:23:7d:91:ae:9b 	t	6	hpm476dw-a23c	2019-02-13 11:00:07.368668	94	28:80:23:14:09:49	16	32298	2019-02-13 10:52:18
234	271	2015-03-26 09:02:01.799225		t	10	tc-malvaldi	2019-02-05 08:00:05.368064	\N	5c:96:9d:6c:bc:1d	97	28726	2019-02-05 07:27:13
176	920	2013-01-03 14:21:46.389	secondo pc per gestione protocollo registro.it	t	2	protocollo2	2018-10-04 09:00:05.090733	\N	40:61:86:0d:06:bc	80	3556	2018-10-04 08:09:46
287	36	2018-04-12 12:44:12.956503		t	2	pc-marotta	2018-10-02 13:00:05.70721	138	10:60:4b:6b:c6:3e	136	21	2018-10-02 12:53:47
173	933	2012-12-06 07:56:29.129	mac book pro 13	t	3	mac-sgiannetti	2019-02-01 09:00:04.925709	\N	c8:2a:14:19:c3:37	119	216	2019-02-01 08:36:17
300	92	2018-07-25 12:58:09.003509	Nuovo desktop protocollo Malanca	t	2	new-protocollo	2019-02-13 11:00:07.388073	\N	a0:d3:c1:3f:2d:28	80	757	2019-02-13 10:57:28
51	88	2009-11-04 17:22:30.291	ex. marconi	t	3	mac-daniele	2019-02-13 07:00:05.651107	43	c8:2a:14:59:e9:5c	80	2657	2019-02-13 06:21:50
238	913	2015-06-08 09:30:52.623569	OLD: b8:ca:3a:86:f7:36	t	2	pc-andreini	2019-02-13 09:00:05.510748	135	bc:30:5b:9c:15:02	130	28379	2019-02-13 08:53:59
108	307	2010-02-05 10:08:29.305	old: 00:17:08:82:ca:f9	t	6	hp4025-a20	2019-02-05 08:00:05.373942	95	88:51:fb:ec:5e:2e	5	1275	2019-02-05 07:27:44
38	99	2009-11-04 17:22:25.114	dell precision t5500 - OLD: bc:30:5b:9c:13:04	t	2	pc-lucchesi	2019-02-12 17:00:05.974031	31	a0:36:9f:97:97:68	37	39779	2019-02-12 16:12:15
225	959	2014-11-27 07:06:02.755974		t	3	notebook-sonia	2018-05-22 08:00:04.918757	\N	0c:4d:e9:cf:85:b0	33	157	2018-05-22 07:16:09
245	947	2015-10-29 15:03:42.570929	Nuovo MacBook Pro 	t	3	macbook-irma	2019-02-13 08:00:05.103444	\N	98:5a:eb:dd:39:3e	6	1237	2019-02-13 07:22:18
259	27	2016-09-02 14:06:53.959759	old: 6c:62:6d:51:00:d8	t	2	muletto	2019-02-13 11:00:07.363364	\N	18:60:24:7b:eb:1e	29	36832	2019-02-13 10:51:41
168	925	2012-08-06 15:49:40.686	OLD: a8:20:66:03:88:01 - pc-lavoro - OLD: ac:16:2d:02:c6:d0	t	2	mac-scanu	2019-02-12 16:00:05.961856	89	78:7b:8a:ce:39:95	116	36824	2019-02-12 15:48:23
10	16	2009-11-04 17:22:16.203	old: a8:20:66:4e:eb:0d very old: 3c:07:54:0f:49:b4 - very very old: 40:61:86:8f:ed:32	t	2	mac-gianetti	2019-02-13 08:00:05.079865	95	d0:81:7a:d3:fc:43	24	2165	2019-02-13 07:13:15
230	361	2015-01-27 15:00:23.107693	Patton1	t	9	patton-1	2015-01-27 15:00:23.107693	\N	00:a0:ba:05:37:66	38	0	\N
229	156	2015-01-27 14:58:04.258764	Centralino Registro in dismissione	t	4	livecare	2015-01-27 14:58:04.258764	\N	00:21:28:57:2e:47	38	0	\N
231	148	2015-01-27 15:01:22.091657	Patton2	t	9	patton-2	2015-01-27 15:01:22.091657	\N	00:a0:ba:05:51:fa	38	0	\N
232	259	2015-01-27 15:02:17.35302	Patton3	t	9	patton-3	2015-01-27 15:02:17.35302	\N	00:a0:ba:05:23:00	38	0	\N
250	238	2016-01-08 15:01:50.168312	Stampante a Colori a inchiostro solido	t	6	xeroxcq8580-a33a	2019-01-30 15:00:05.036468	\N	9c:93:4e:5f:de:4c	37	1039	2019-01-30 14:34:14
141	282	2010-11-17 12:32:40.914	dect voip	t	5	snoom1	2015-01-28 09:13:23.68756	12	00:08:7b:07:7f:40	38	156	2014-12-31 23:46:02
197	927	2013-12-09 15:56:45.122	macbook pro 15pollici	t	3	\N	2017-02-20 08:00:05.478659	\N	68:5b:35:90:7a:74	97	1738	2017-02-20 07:45:07
163	314	2012-04-16 10:29:39.946	stampante faxserver cambi	t	6	hpfax-cambi	2018-11-09 11:00:04.891618	114	00:1e:0b:1a:09:b9	38	1547	2018-11-09 10:46:52
131	28	2010-07-14 10:47:21.574	old: 40:61:86:8f:ed:32 very old: 00:17:a4:41:6a:0f	t	2	lucasonia	2019-02-13 11:00:07.355955	\N	18:66:da:20:31:cc	99	44418	2019-02-13 10:50:08
204	217	2014-04-02 10:41:11.83	timecapsule	t	7	tc-rera2	2019-02-13 03:00:06.10484	\N	80:ea:96:e5:bc:6f	24	1363	2019-02-13 02:18:24
205	218	2014-04-02 10:42:36.444	timecapsule	t	7	tc-rera3	2019-02-05 08:00:05.359345	\N	80:ea:96:e5:b8:72	15	2151	2019-02-05 07:27:11
161	919	2012-03-21 08:19:43.602	server-ora	t	2	server-ora	2015-12-31 23:00:10.190695	\N	d0:67:e5:f0:e6:22	80	15433	\N
247	945	2015-11-27 07:35:13.172973	Leonardo Mariani consegna portatile in prestito per alcuni giorni a Martina Tarantini che lo utilizzer per il centralino.	t	3	mac-tarantini	2016-09-02 11:00:05.259118	\N	c8:2a:14:01:ee:cd	29	82	2016-09-02 10:04:24
16	14	2009-11-04 17:22:17.514	old: 10:dd:b1:9c:e9:72	t	2	libra	2019-02-13 09:00:05.495868	14	78:7b:8a:ba:d4:5a	14	1619	2019-02-13 08:47:23
199	932	2014-01-29 10:31:17.708	\N	t	2	hp-vasarelli	2018-03-06 19:00:05.153079	\N	24:be:05:e1:8e:d6	129	29001	2018-03-06 18:13:22
132	162	2010-07-26 15:25:40.354	\N	t	6	\N	2016-11-15 13:00:05.029886	\N	78:e7:d1:ab:36:c0	100	995	2016-11-15 12:03:35
196	948	2013-11-04 09:55:57.65	\N	t	2	pc-sideri	2019-02-12 12:00:05.048955	\N	80:c1:6e:ff:16:00	126	38493	2019-02-12 11:02:49
17	15	2009-11-04 17:22:17.662	old: 00:1e:c2:06:7c:d6	t	2	alfa	2019-02-13 09:00:05.484019	117	10:dd:b1:a5:ba:4e	15	1358	2019-02-13 08:45:34
241	376	2015-06-09 08:42:03.901932	Xerox WorkCentre 6605 Color	t	6	xeroxwc6605-ora	2019-02-01 19:00:06.705239	\N	9c:93:4e:60:19:b3	80	16925	2019-02-01 18:17:46
291	922	2018-06-26 09:44:52.532834	dell desktop	t	2	pc-pancrazi	2019-02-13 07:00:05.692331	\N	10:65:30:46:3f:38	109	976	2019-02-13 06:58:02
282	121	2018-01-31 14:57:38.977818	pc porciani	t	2	pc-porciani	2019-02-13 11:00:07.301899	\N	40:61:86:8f:ed:32	133	6352	2019-02-13 10:40:25
165	355	2012-04-16 10:33:36.704	stampante faxserver ristampe	t	6	hpfax-reprint	2019-02-12 14:00:05.184389	113	00:21:5a:7f:08:e9	38	1536	2019-02-12 13:34:58
115	70	2010-03-12 13:01:04.071		t	2	m-00001	2019-02-13 04:00:05.807069	131	78:7b:8a:c7:ac:d3	4	1592	2019-02-13 03:34:41
55	103	2009-11-04 17:22:31.835	OLD: a0:d3:c1:3f:2d:28 :: ex. marconi	t	2	pc-sgiannetti	2019-02-13 08:00:05.057082	47	18:60:24:8d:02:0a	119	8083	2019-02-13 07:01:55
149	646	2010-12-13 10:02:00.746	old: 10:60:4b:6d:81:6d very-old: d4:85:64:02:88:e5	t	2	pc-loffredo	2019-02-13 11:00:07.2723	139	d8:9e:f3:3e:ce:47	10	35504	2019-02-13 10:37:42
105	302	2010-02-04 11:09:41.202	hp 3015 a23 	t	6	hp3015-a23	2019-01-31 08:00:05.380032	89	1c:c1:de:15:6c:3c	89	1601	2019-01-31 07:43:25
7	33	2009-11-04 17:22:15.504	old: c8:2a:14:56:09:9b	t	3	scorpio	2019-02-10 11:00:05.085465	6	78:7b:8a:b5:9f:70	8	17318	2019-02-10 10:28:07
240	327	2015-06-09 08:39:41.367022	Xerox ColorQube 8580 Color	t	6	xeroxcq8580-ora	2019-02-06 19:00:05.396687	\N	9c:93:4e:5f:dc:5f	80	893	2019-02-06 18:32:27
44	30	2009-11-04 17:22:27.314	OLD: a0:d3:c1:3f:2d:e2 :: ex. marconi	t	2	pc-giannetti	2019-02-13 10:00:05.058018	36	18:60:24:7b:eb:35	110	10063	2019-02-13 09:53:17
130	91	2010-07-12 08:23:39.613	server fatturazioni	t	4	delfino	2019-01-10 03:00:06.332234	59	00:21:86:fa:25:5d	93	36286	2019-01-10 02:49:07
135	124	2010-09-20 11:07:42.959	pc-lavoro - OLD: a8:20:66:03:88:01	t	2	pc-gentili	2019-02-13 09:00:05.335323	116	78:7b:8a:c7:ae:5c	25	3269	2019-02-13 08:03:07
90	312	2009-11-04 17:22:47.803	OLD: 00:17:a4:95:15:3c	t	6	hp476-a15	2019-02-13 11:00:07.318313	81	8c:dc:d4:5f:e3:77	9	23770	2019-02-13 10:45:40
226	955	2014-12-01 10:39:32.891444		t	7	padulo-backup	2019-02-11 07:00:05.263836	\N	6c:70:9f:d2:2a:8e	114	38865	2019-02-11 06:17:18
160	911	2012-03-21 08:06:38.756	procollo registro OLD: 00:1d:92:7f:de:2c	t	2	protocollo	2018-09-14 13:00:05.059685	\N	00:0f:fe:4a:88:ef	80	8740	2018-09-14 12:53:21
12	98	2009-11-04 17:22:16.729	OLD MAC -> b4:b5:2f:c9:68:b5	t	2	pc-monaco	2019-02-13 11:00:07.376642	11	18:60:24:7b:eb:41	30	8385	2019-02-13 10:54:20
200	49	2014-01-29 16:28:37.353	\N	t	4	gaugain	2018-03-06 19:00:05.168984	\N	08:00:27:d2:38:c8	129	28267	2018-03-06 18:16:53
11	45	2009-11-04 17:22:16.386	OLD MAC => b4:b5:2f:c9:5b:3b	t	2	pc-casella	2019-02-13 10:00:04.930326	10	18:60:24:7c:3b:20	31	16971	2019-02-13 09:28:09
198	928	2014-01-20 10:44:32.941		t	2	pc-ravazzolo	2019-02-13 11:00:07.332125	91	d8:9e:f3:42:5a:a9	127	37885	2019-02-13 10:47:30
129	97	2010-06-22 10:41:42.975	apple imac old: a8:20:66:4e:eb:0d	t	2	imac-albertario	2019-02-12 08:00:04.96414	133	a8:60:b6:22:26:53	28	1652	2019-02-12 07:21:15
172	940	2012-10-22 14:20:59.496	thunderbolt dispaly	t	2	display-leo	2019-02-11 11:00:05.086051	100	40:6c:8f:00:bc:b8	38	1998	2019-02-11 10:49:50
41	268	2009-11-04 17:22:26.235	telefono voip ufficio marra	t	5	linksys-spa942	2019-02-05 08:00:05.222051	33	00:0e:08:dd:0e:6a	38	21143	2019-02-05 07:10:53
155	72	2011-04-18 14:07:29.965	old: 78:ac:c0:a7:0d:4c	t	2	pc-deri	2019-02-13 11:00:07.397404	15	64:00:6a:63:35:cc	86	1226616	2019-02-13 10:59:13
89	954	2009-11-04 17:22:47.414		t	7	tc-vannozzi	2019-02-13 06:00:04.449148	80	6c:70:9f:d4:dd:61	80	1454	2019-02-13 05:46:56
24	1	2009-11-04 17:22:19.932	OLD: b4:b5:2f:cc:c4:6a	t	2	pc-martina	2019-02-13 11:00:07.25755	21	18:60:24:8d:01:71	131	46510	2019-02-13 10:36:33
257	197	2016-04-22 12:17:28.773581	HP color laser jet M476	t	6	hp-m476-a19	2019-02-11 09:00:05.079648	\N	28:80:23:14:09:7e	97	15581	2019-02-11 08:09:28
292	942	2018-06-28 12:14:58.753267		t	3	nb-albertario	2019-02-12 14:00:05.198953	\N	10:65:30:46:3e:89	28	241	2019-02-12 13:40:34
43	381	2009-11-04 17:22:26.969	telefono voip ufficio mariani	t	5	thomson-st2022	2018-01-26 17:00:06.214323	35	00:14:7f:e1:af:e4	38	12553	2018-01-26 16:22:34
203	137	2014-04-02 10:39:10.881	timecapsule	t	7	tc-rera1	2019-02-13 08:00:05.074022	\N	80:ea:96:e5:bb:6e	116	26099	2019-02-13 07:13:12
276	48	2017-11-13 10:29:46.11054		f	3	ninjabook	2017-11-14 15:33:37.047557	\N	c8:5b:76:fb:a6:5c	112	30	2017-11-14 14:30:18
206	172	2014-04-02 10:44:01.363	timecapsule	t	7	tc-rera4	2019-01-30 15:00:04.967399	\N	80:ea:96:e5:bc:9e	16	1710	2019-01-30 14:31:57
208	346	2014-05-14 09:41:05.376	hp laserjet 500 colormfp m570dw	t	6	hp500-a17	2019-02-13 11:00:07.225528	\N	a0:d3:c1:7d:63:65	15	35261	2019-02-13 10:30:05
239	143	2015-06-09 08:37:17.722846	Xerox Phaser 7100 A3 a colori	t	6	xerox7100-ora	2019-02-13 11:00:07.250276	\N	9c:93:4e:13:c3:ae	80	19621	2019-02-13 10:35:24
106	182	2010-02-04 12:47:19.04	OLD: 00:11:85:f9:67:e4	t	6	xeroxcq8580-a21	2019-02-05 08:00:05.388663	91	9c:93:4e:5f:dc:86	3	1491	2019-02-05 07:29:05
293	125	2018-06-29 14:24:19.879976		t	2	pc-malanca	2019-02-13 11:00:07.264982	\N	18:60:24:7b:eb:71	65	1066	2019-02-13 10:37:15
277	915	2017-11-27 14:29:40.928482	Pc ad uso ufficio USII	t	3	mac-usii	2018-06-07 07:00:05.499306	\N	a8:20:66:0c:d4:7a	11	44	2018-06-07 06:07:45
294	38	2018-06-29 14:25:47.277413		t	2	pc-ruglioni	2019-02-13 11:00:07.299125	\N	18:60:24:7b:eb:45	113	778	2019-02-13 10:40:15
183	237	2013-03-04 10:00:03.229	NEW OLD MAC: a0:d3:c1:ed:8d:66 OLD MAC: 00:30:c1:ad:8b:1e; OLD hostname: hp4000-a32a	t	6	hp-477-a32a	2019-02-01 17:00:05.855536	\N	10:62:e5:62:77:06	27	11386	2019-02-01 16:57:35
261	350	2017-01-27 13:44:31.707925	time capsule Ufficio legale :: OLD: 00:24:36:a0:ba:2a VERY OLD: 00:1f:f3:3c:52:13	t	10	tc-ufficio-legale	2019-01-30 15:00:04.894764	132	d8:8f:76:7a:1a:53	28	4247	2019-01-30 14:28:08
26	63	2009-11-04 17:22:20.689	old: 00:23:32:9d:8d:72 old_sino_al 20170127: a8:20:66:4d:c4:e6	t	2	mac-sbrana	2019-02-12 09:00:05.535918	22	a8:60:b6:1b:12:9e	33	2735	2019-02-12 08:07:41
224	939	2014-11-24 14:49:07.077426		t	3	padulo-book	2018-07-10 13:00:04.798789	\N	58:ef:68:14:38:71	114	430	2018-07-10 12:39:17
201	952	2014-02-11 09:24:59.118	Vecchio iMac Antonio Mallia - OLD: 68:5b:35:aa:1c:71	t	2	imac-donini	2019-02-13 08:00:05.118148	\N	78:7b:8a:c7:ac:c4	120	15106	2019-02-13 07:30:11
152	645	2010-12-13 17:05:42.05	OLD mac: b4:b5:2f:c9:69:7a	t	2	pc-dorina	2019-02-13 11:00:07.191991	110	18:60:24:8d:02:08	34	45106	2019-02-13 10:19:00
\.


--
-- Name: assigned_address_id_seq; Type: SEQUENCE SET; Schema: public; Owner: postgres
--

SELECT pg_catalog.setval('assigned_address_id_seq', 308, true);


--
-- Data for Name: collector; Type: TABLE DATA; Schema: public; Owner: postgres
--

COPY collector (id, created_at, description, updated_at, location_id, management_address, name, lock_version) FROM stdin;
1	2010-03-02 09:18:55.896	switch di piano, edificio a	2010-03-02 09:18:56.099	1	\N	jswitch-p1-a.nic.it	0
2	2010-05-06 09:14:51.378	switch juniper edificio b ingresso 7 primo piano	2010-05-06 09:17:23.648	20	\N	jswitch-t-01-1	0
\.


--
-- Name: collector_id_seq; Type: SEQUENCE SET; Schema: public; Owner: postgres
--

SELECT pg_catalog.setval('collector_id_seq', 2, true);


--
-- Data for Name: collector_port; Type: TABLE DATA; Schema: public; Owner: postgres
--

COPY collector_port (id, collector_id, created_at, updated_at, value, lock_version) FROM stdin;
1	1	2010-03-02 09:18:56.009	2010-03-02 09:18:56.009	3	0
2	1	2010-03-02 09:18:56.011	2010-03-02 09:18:56.011	12	0
3	1	2010-03-02 09:18:56.013	2010-03-02 09:18:56.013	15	0
4	1	2010-03-02 09:18:56.015	2010-03-02 09:18:56.015	19	0
5	1	2010-03-02 09:18:56.016	2010-03-02 09:18:56.016	23	0
6	1	2010-03-02 09:18:56.018	2010-03-02 09:18:56.018	42	0
7	1	2010-03-02 09:18:56.019	2010-03-02 09:18:56.019	1	0
8	1	2010-03-02 09:18:56.021	2010-03-02 09:18:56.021	29	0
9	1	2010-03-02 09:18:56.025	2010-03-02 09:18:56.025	20	0
10	1	2010-03-02 09:18:56.026	2010-03-02 09:18:56.026	46	0
11	1	2010-03-02 09:18:56.028	2010-03-02 09:18:56.028	17	0
12	1	2010-03-02 09:18:56.029	2010-03-02 09:18:56.029	22	0
13	1	2010-03-02 09:18:56.031	2010-03-02 09:18:56.031	9	0
14	1	2010-03-02 09:18:56.033	2010-03-02 09:18:56.033	4	0
15	1	2010-03-02 09:18:56.034	2010-03-02 09:18:56.034	40	0
16	1	2010-03-02 09:18:56.036	2010-03-02 09:18:56.036	39	0
17	1	2010-03-02 09:18:56.04	2010-03-02 09:18:56.04	28	0
18	1	2010-03-02 09:18:56.042	2010-03-02 09:18:56.042	5	0
19	1	2010-03-02 09:18:56.044	2010-03-02 09:18:56.044	26	0
20	1	2010-03-02 09:18:56.046	2010-03-02 09:18:56.046	21	0
21	1	2010-03-02 09:18:56.047	2010-03-02 09:18:56.047	35	0
22	1	2010-03-02 09:18:56.049	2010-03-02 09:18:56.049	24	0
23	1	2010-03-02 09:18:56.051	2010-03-02 09:18:56.051	45	0
24	1	2010-03-02 09:18:56.052	2010-03-02 09:18:56.052	27	0
25	1	2010-03-02 09:18:56.054	2010-03-02 09:18:56.054	44	0
26	1	2010-03-02 09:18:56.055	2010-03-02 09:18:56.055	38	0
27	1	2010-03-02 09:18:56.057	2010-03-02 09:18:56.057	8	0
28	1	2010-03-02 09:18:56.058	2010-03-02 09:18:56.058	6	0
29	1	2010-03-02 09:18:56.06	2010-03-02 09:18:56.06	18	0
30	1	2010-03-02 09:18:56.061	2010-03-02 09:18:56.061	25	0
31	1	2010-03-02 09:18:56.063	2010-03-02 09:18:56.063	16	0
32	1	2010-03-02 09:18:56.065	2010-03-02 09:18:56.065	37	0
33	1	2010-03-02 09:18:56.066	2010-03-02 09:18:56.066	14	0
34	1	2010-03-02 09:18:56.068	2010-03-02 09:18:56.068	43	0
35	1	2010-03-02 09:18:56.07	2010-03-02 09:18:56.07	30	0
36	1	2010-03-02 09:18:56.071	2010-03-02 09:18:56.071	31	0
37	1	2010-03-02 09:18:56.073	2010-03-02 09:18:56.073	2	0
38	1	2010-03-02 09:18:56.075	2010-03-02 09:18:56.075	11	0
39	1	2010-03-02 09:18:56.076	2010-03-02 09:18:56.076	33	0
40	1	2010-03-02 09:18:56.078	2010-03-02 09:18:56.078	34	0
41	1	2010-03-02 09:18:56.079	2010-03-02 09:18:56.079	48	0
42	1	2010-03-02 09:18:56.081	2010-03-02 09:18:56.081	32	0
43	1	2010-03-02 09:18:56.082	2010-03-02 09:18:56.082	13	0
44	1	2010-03-02 09:18:56.084	2010-03-02 09:18:56.084	41	0
45	1	2010-03-02 09:18:56.086	2010-03-02 09:18:56.086	47	0
46	1	2010-03-02 09:18:56.087	2010-03-02 09:18:56.087	10	0
47	1	2010-03-02 09:18:56.089	2010-03-02 09:18:56.089	7	0
48	1	2010-03-02 09:18:56.09	2010-03-02 09:18:56.09	36	0
49	2	2010-05-06 09:14:51.484	2010-05-06 09:14:51.484	36	0
50	2	2010-05-06 09:14:51.487	2010-05-06 09:14:51.487	43	0
51	2	2010-05-06 09:14:51.488	2010-05-06 09:14:51.488	42	0
52	2	2010-05-06 09:14:51.49	2010-05-06 09:14:51.49	26	0
53	2	2010-05-06 09:14:51.491	2010-05-06 09:14:51.491	48	0
54	2	2010-05-06 09:14:51.493	2010-05-06 09:14:51.493	37	0
55	2	2010-05-06 09:14:51.494	2010-05-06 09:14:51.494	1	0
56	2	2010-05-06 09:14:51.496	2010-05-06 09:14:51.496	12	0
57	2	2010-05-06 09:14:51.498	2010-05-06 09:14:51.498	32	0
58	2	2010-05-06 09:14:51.499	2010-05-06 09:14:51.499	18	0
59	2	2010-05-06 09:14:51.501	2010-05-06 09:14:51.501	28	0
60	2	2010-05-06 09:14:51.504	2010-05-06 09:14:51.504	13	0
61	2	2010-05-06 09:14:51.505	2010-05-06 09:14:51.505	23	0
62	2	2010-05-06 09:14:51.507	2010-05-06 09:14:51.507	38	0
63	2	2010-05-06 09:14:51.508	2010-05-06 09:14:51.508	40	0
64	2	2010-05-06 09:14:51.51	2010-05-06 09:14:51.51	34	0
65	2	2010-05-06 09:14:51.512	2010-05-06 09:14:51.512	31	0
66	2	2010-05-06 09:14:51.513	2010-05-06 09:14:51.513	6	0
67	2	2010-05-06 09:14:51.515	2010-05-06 09:14:51.515	2	0
68	2	2010-05-06 09:14:51.516	2010-05-06 09:14:51.516	9	0
69	2	2010-05-06 09:14:51.518	2010-05-06 09:14:51.518	14	0
70	2	2010-05-06 09:14:51.519	2010-05-06 09:14:51.519	24	0
71	2	2010-05-06 09:14:51.521	2010-05-06 09:14:51.521	20	0
72	2	2010-05-06 09:14:51.522	2010-05-06 09:14:51.522	17	0
73	2	2010-05-06 09:14:51.524	2010-05-06 09:14:51.524	45	0
74	2	2010-05-06 09:14:51.526	2010-05-06 09:14:51.526	29	0
75	2	2010-05-06 09:14:51.527	2010-05-06 09:14:51.527	33	0
76	2	2010-05-06 09:14:51.529	2010-05-06 09:14:51.529	19	0
77	2	2010-05-06 09:14:51.53	2010-05-06 09:14:51.53	5	0
78	2	2010-05-06 09:14:51.532	2010-05-06 09:14:51.532	44	0
79	2	2010-05-06 09:14:51.533	2010-05-06 09:14:51.533	27	0
80	2	2010-05-06 09:14:51.535	2010-05-06 09:14:51.535	21	0
81	2	2010-05-06 09:14:51.537	2010-05-06 09:14:51.537	30	0
82	2	2010-05-06 09:14:51.538	2010-05-06 09:14:51.538	15	0
83	2	2010-05-06 09:14:51.54	2010-05-06 09:14:51.54	47	0
84	2	2010-05-06 09:14:51.542	2010-05-06 09:14:51.542	8	0
85	2	2010-05-06 09:14:51.543	2010-05-06 09:14:51.543	25	0
86	2	2010-05-06 09:14:51.545	2010-05-06 09:14:51.545	39	0
87	2	2010-05-06 09:14:51.546	2010-05-06 09:14:51.546	7	0
88	2	2010-05-06 09:14:51.548	2010-05-06 09:14:51.548	22	0
89	2	2010-05-06 09:14:51.55	2010-05-06 09:14:51.55	3	0
90	2	2010-05-06 09:14:51.551	2010-05-06 09:14:51.551	46	0
91	2	2010-05-06 09:14:51.553	2010-05-06 09:14:51.553	4	0
92	2	2010-05-06 09:14:51.554	2010-05-06 09:14:51.554	41	0
93	2	2010-05-06 09:14:51.556	2010-05-06 09:14:51.556	16	0
94	2	2010-05-06 09:14:51.557	2010-05-06 09:14:51.557	10	0
95	2	2010-05-06 09:14:51.559	2010-05-06 09:14:51.559	35	0
96	2	2010-05-06 09:14:51.561	2010-05-06 09:14:51.561	11	0
\.


--
-- Name: collector_port_id_seq; Type: SEQUENCE SET; Schema: public; Owner: postgres
--

SELECT pg_catalog.setval('collector_port_id_seq', 96, true);


--
-- Data for Name: hardware; Type: TABLE DATA; Schema: public; Owner: postgres
--

COPY hardware (id, created_at, updated_at, name, lock_version) FROM stdin;
2	2009-11-04 17:22:13.97	2009-11-04 17:22:13.97	desktop	0
3	2009-11-04 17:22:15.407	2009-11-04 17:22:15.407	notebook	0
4	2009-11-04 17:22:25.243	2009-11-04 17:22:25.243	server	0
5	2009-11-04 17:22:25.841	2009-11-04 17:22:25.841	voip	0
6	2009-11-04 17:22:36.671	2009-11-04 17:22:36.671	stampante	0
7	2009-11-04 17:22:46.996	2009-11-04 17:22:46.996	accesspoint	0
8	2014-09-18 08:48:58.03731	2014-09-18 08:48:58.03731	macchina virtuale	0
9	2015-01-27 14:59:10.818269	2015-01-27 14:59:10.818269	patton	0
10	2015-03-26 08:58:16.010107	2015-03-26 08:58:16.010107	time capsule	0
\.


--
-- Name: hardware_id_seq; Type: SEQUENCE SET; Schema: public; Owner: postgres
--

SELECT pg_catalog.setval('hardware_id_seq', 10, true);


--
-- Data for Name: location; Type: TABLE DATA; Schema: public; Owner: postgres
--

COPY location (id, created_at, updated_at, name, lock_version) FROM stdin;
1	2009-11-04 17:22:12.01	2009-11-04 17:22:48.15	sconosciuta	0
2	2009-11-12 10:22:25.884	2009-11-12 10:22:25.884	a16	0
3	2009-11-12 10:26:10.433	2009-11-12 10:26:10.433	a15	0
4	2009-11-12 10:26:19.075	2009-11-12 10:26:19.075	a17	0
5	2009-11-12 10:26:26.304	2009-11-12 10:26:26.304	a20	0
6	2010-02-01 10:23:22.466	2010-02-01 10:23:22.466	b1	0
7	2010-02-04 10:58:09.467	2010-02-04 10:58:09.467	a23	0
8	2010-02-04 12:40:39.642	2010-02-04 12:40:39.642	a21	0
9	2010-02-04 13:25:57.536	2010-05-26 17:01:58.336	a19	0
10	2010-02-04 13:26:32.133	2010-02-04 13:26:32.133	a23/a	0
11	2010-02-05 17:15:16.383	2010-02-05 17:15:16.383	ex marconi	0
13	2010-02-09 10:36:11.224	2010-02-09 10:36:11.224	b65	0
15	2010-03-02 09:19:19.609	2010-03-02 09:19:19.609	a-t13.1	0
16	2010-03-05 08:41:49.983	2010-03-05 08:41:49.983	a32/a	0
17	2010-04-26 15:59:47.263	2010-04-26 16:02:32.867	a23c	0
18	2010-04-29 11:12:01.246	2010-04-29 11:12:01.246	b08	0
19	2010-05-06 09:13:12.915	2010-05-06 09:13:12.915	b03	0
20	2010-05-06 09:15:41.958	2010-05-06 09:15:56.373	a-t01.1	0
21	2010-09-29 09:30:39.012	2010-09-29 09:30:39.012	081 d	0
23	2010-12-13 16:59:59.243	2010-12-13 16:59:59.243	segreteria amministrativa	0
25	2011-07-20 10:45:08.61	2011-07-20 10:45:08.61	a25	0
26	2011-11-07 12:50:02.723	2011-11-07 12:50:02.723	a22	0
27	2012-10-18 15:03:22.091	2012-10-18 15:03:22.091	a33a	0
28	2014-03-06 10:16:35.461	2014-03-06 10:16:35.461	a12	0
29	2015-12-18 13:35:07.136861	2015-12-18 13:35:07.136861	b3	0
30	2017-01-27 14:02:39.236933	2017-01-27 14:02:39.236933	B65	0
31	2018-02-08 08:43:13.428638	2018-02-08 08:43:13.428638	B4	0
32	2018-04-12 12:45:02.766837	2018-04-12 12:45:02.766837	Cyberlab-Marotta	0
\.


--
-- Name: location_id_seq; Type: SEQUENCE SET; Schema: public; Owner: postgres
--

SELECT pg_catalog.setval('location_id_seq', 32, true);


--
-- Data for Name: location_port; Type: TABLE DATA; Schema: public; Owner: postgres
--

COPY location_port (id, collector_port_id, created_at, updated_at, location_id, name, lock_version) FROM stdin;
2	\N	2009-11-04 17:22:14.569	2010-05-06 09:21:10.799	19	6d	0
3	\N	2009-11-04 17:22:14.753	2009-11-12 10:25:09.609	2	16d	0
4	\N	2009-11-04 17:22:15.098	2009-11-04 17:22:15.098	1	148d	0
5	\N	2009-11-04 17:22:15.234	2009-11-04 17:22:15.234	1	151d	0
6	\N	2009-11-04 17:22:15.455	2009-11-04 17:22:15.455	1	119s	0
7	\N	2009-11-04 17:22:15.609	2009-12-23 09:40:39.788	3	18d	0
8	\N	2009-11-04 17:22:15.857	2009-11-04 17:22:15.857	1	121d	0
9	\N	2009-11-04 17:22:16.126	2009-11-04 17:22:16.126	1	180d	0
10	\N	2009-11-04 17:22:16.291	2009-11-04 17:22:16.291	1	182d	0
11	\N	2009-11-04 17:22:16.69	2009-11-04 17:22:16.69	1	60d	0
12	\N	2009-11-04 17:22:16.8	2009-11-04 17:22:16.8	1	101d	0
13	\N	2009-11-04 17:22:17.207	2009-11-04 17:22:17.207	1	13d	0
15	\N	2009-11-04 17:22:17.828	2009-11-04 17:22:17.828	1	141d	0
16	\N	2009-11-04 17:22:18.192	2009-11-04 17:22:18.192	1	145d	0
17	\N	2009-11-04 17:22:18.425	2009-11-04 17:22:18.425	1	146d	0
18	\N	2009-11-04 17:22:18.854	2009-11-04 17:22:18.854	1	128d	0
19	\N	2009-11-04 17:22:19.235	2009-11-04 17:22:19.235	1	136d	0
20	\N	2009-11-04 17:22:19.525	2009-11-04 17:22:19.525	1	138d	0
21	\N	2009-11-04 17:22:19.841	2009-11-04 17:22:19.841	1	181d	0
22	\N	2009-11-04 17:22:20.554	2010-02-09 10:36:49.051	13	117d	0
23	\N	2009-11-04 17:22:21.019	2009-11-04 17:22:21.019	1	160d	0
24	\N	2009-11-04 17:22:21.414	2009-11-04 17:22:21.414	1	120d	0
25	\N	2009-11-04 17:22:21.903	2010-02-10 09:31:30.854	4	97d	0
26	\N	2009-11-04 17:22:22.276	2009-11-04 17:22:22.276	1	122d	0
27	\N	2009-11-04 17:22:22.752	2009-11-04 17:22:22.752	1	126d	0
28	\N	2009-11-04 17:22:23.079	2009-11-04 17:22:23.079	1	130d	0
29	\N	2009-11-04 17:22:23.523	2009-11-04 17:22:23.523	1	37d	0
30	\N	2009-11-04 17:22:24.176	2009-11-04 17:22:24.176	1	136s	0
31	\N	2009-11-04 17:22:24.943	2009-11-04 17:22:24.943	1	69d	0
32	\N	2009-11-04 17:22:25.629	2009-11-04 17:22:25.629	1	cavo da definire	0
33	\N	2009-11-04 17:22:26.159	2009-11-04 17:22:26.159	1	88d	0
34	\N	2009-11-04 17:22:26.62	2009-11-04 17:22:26.62	1	107d	0
35	\N	2009-11-04 17:22:26.915	2009-11-04 17:22:26.915	1	8a	0
36	\N	2009-11-04 17:22:27.273	2009-11-04 17:22:27.273	1	2b	0
37	\N	2009-11-04 17:22:27.695	2009-11-04 17:22:27.695	1	6a	0
38	\N	2009-11-04 17:22:28.069	2009-11-04 17:22:28.069	1	3a	0
39	\N	2009-11-04 17:22:28.4	2009-11-04 17:22:28.4	1	4a	0
40	\N	2009-11-04 17:22:28.91	2009-11-04 17:22:28.91	1	17a	0
41	\N	2009-11-04 17:22:29.367	2009-11-04 17:22:29.367	1	16b	0
42	\N	2009-11-04 17:22:29.794	2009-11-04 17:22:29.794	1	25a	0
43	\N	2009-11-04 17:22:30.244	2009-11-04 17:22:30.244	1	27a	0
44	\N	2009-11-04 17:22:30.582	2009-11-04 17:22:30.582	1	14a	0
45	\N	2009-11-04 17:22:30.943	2009-11-04 17:22:30.943	1	13a	0
46	\N	2009-11-04 17:22:31.289	2009-11-04 17:22:31.289	1	pozzetto chiuso	0
47	\N	2009-11-04 17:22:31.794	2009-11-04 17:22:31.794	1	25b	0
48	\N	2009-11-04 17:22:32.106	2009-11-04 17:22:32.106	1	47a	0
49	\N	2009-11-04 17:22:32.489	2009-11-04 17:22:32.489	1	36a	0
50	\N	2009-11-04 17:22:32.864	2009-11-04 17:22:32.864	1	49b	0
51	\N	2009-11-04 17:22:33.242	2009-11-04 17:22:33.242	1	50a	0
52	\N	2009-11-04 17:22:33.639	2009-11-04 17:22:33.639	1	51a	0
53	\N	2009-11-04 17:22:34.189	2009-11-04 17:22:34.189	1	52b	0
54	\N	2009-11-04 17:22:34.705	2009-11-04 17:22:34.705	1	43b	0
55	\N	2009-11-04 17:22:35.168	2009-11-04 17:22:35.168	1	10a	0
56	\N	2009-11-04 17:22:35.385	2009-11-04 17:22:35.385	1	12a	0
57	\N	2009-11-04 17:22:35.829	2009-11-04 17:22:35.829	1	9a	0
58	\N	2009-11-04 17:22:36.607	2009-11-04 17:22:36.607	1	11a	0
59	\N	2009-11-04 17:22:37.077	2009-11-04 17:22:37.077	1	xxx	0
60	\N	2009-11-04 17:22:37.595	2009-11-04 17:22:37.595	1	41a	0
61	\N	2009-11-04 17:22:37.983	2009-11-04 17:22:37.983	1	42b	0
62	\N	2009-11-04 17:22:38.374	2009-11-04 17:22:38.374	1	44b	0
63	\N	2009-11-04 17:22:38.689	2009-11-04 17:22:38.689	1	40a	0
64	\N	2009-11-04 17:22:39.149	2009-11-04 17:22:39.149	1	20b	0
65	\N	2009-11-04 17:22:39.507	2009-11-04 17:22:39.507	1	35b	0
66	\N	2009-11-04 17:22:39.975	2010-02-08 09:57:55.123	11	53b	0
67	\N	2009-11-04 17:22:40.366	2009-11-04 17:22:40.366	1	51b	0
68	\N	2009-11-04 17:22:40.724	2009-11-04 17:22:40.724	1	52a	0
69	\N	2009-11-04 17:22:41.14	2010-02-08 09:57:28.947	1	53a	0
70	\N	2009-11-04 17:22:41.721	2009-11-04 17:22:41.721	1	50b	0
71	\N	2009-11-04 17:22:42.262	2009-11-04 17:22:42.262	1	46b	0
72	\N	2009-11-04 17:22:42.881	2009-11-04 17:22:42.881	1	26a	0
73	\N	2009-11-04 17:22:43.428	2009-11-04 17:22:43.428	1	19a	0
74	\N	2009-11-04 17:22:44.037	2009-11-04 17:22:44.037	1	19b	0
75	\N	2009-11-04 17:22:44.637	2009-11-04 17:22:44.637	1	15a	0
76	\N	2009-11-04 17:22:45.298	2009-11-04 17:22:45.298	1	16a	0
77	\N	2009-11-04 17:22:45.877	2009-11-04 17:22:45.877	1	18a	0
78	\N	2009-11-04 17:22:46.441	2009-11-04 17:22:46.441	1	6b	0
79	\N	2009-11-04 17:22:46.941	2009-11-04 17:22:46.941	1	2a	0
80	\N	2009-11-04 17:22:47.378	2009-11-04 17:22:47.378	1	77b	0
81	\N	2009-11-04 17:22:47.767	2010-02-04 13:35:51.518	3	150d	0
82	\N	2009-11-04 17:22:48.141	2010-02-09 09:19:41.551	11	45b	0
83	\N	2009-11-12 10:24:09.31	2009-11-12 10:24:09.31	2	153d	0
84	\N	2010-01-21 09:38:30.17	2010-01-21 09:38:30.17	2	155d	0
85	\N	2010-01-21 09:38:53.394	2010-01-21 09:38:53.394	2	155s	0
86	\N	2010-01-21 09:39:04.417	2010-01-21 09:39:04.417	2	156d	0
87	\N	2010-01-21 09:39:13.845	2010-01-21 09:39:13.845	2	156s	0
88	\N	2010-02-01 10:23:54.653	2010-02-01 10:23:54.653	6	168d	0
89	\N	2010-02-04 10:58:22.043	2010-02-04 10:58:22.043	7	123d	0
90	\N	2010-02-04 11:01:11.597	2010-02-04 11:01:11.597	7	123s	0
91	\N	2010-02-04 12:44:07.339	2010-02-04 12:47:39.501	8	67d	0
92	\N	2010-02-04 12:45:03.783	2010-02-04 12:45:03.783	4	14s	0
93	\N	2010-02-04 13:26:10.565	2010-02-04 13:26:10.565	9	104s	0
94	\N	2010-02-04 13:26:43.373	2010-04-26 16:02:01.022	17	36d	0
95	\N	2010-02-05 10:06:43.526	2010-02-05 10:06:43.526	5	115d	0
96	\N	2010-02-05 17:15:43.026	2010-02-05 17:15:43.026	11	35a	0
98	\N	2010-02-08 08:09:50.795	2010-02-08 08:09:50.795	11	20a	0
100	\N	2010-03-01 14:35:11.958	2010-03-01 14:35:11.958	9	12d	0
101	\N	2010-03-05 10:17:02.442	2010-03-05 10:18:11.957	16	163d	0
102	\N	2010-03-05 10:17:33.789	2010-03-05 10:17:55.858	16	161d	0
103	\N	2010-03-05 10:18:31.882	2010-03-05 10:18:31.882	16	164d	0
104	\N	2010-03-05 10:18:45.951	2010-03-05 10:18:45.951	16	162d	0
105	\N	2010-04-22 15:29:09.771	2010-04-22 15:29:09.771	10	162s	0
106	\N	2010-04-29 11:12:18.367	2010-04-29 11:12:18.367	18	62d	0
107	\N	2010-05-26 17:02:59.462	2010-05-26 17:02:59.462	9	107 d	0
108	\N	2010-09-29 09:31:41.677	2010-09-29 09:31:41.677	21	081 d  t.01.1	0
109	\N	2010-10-11 14:09:25.013	2010-10-11 14:09:25.013	9	11s	0
110	\N	2010-12-13 17:00:29.933	2010-12-13 17:00:29.933	23	177 d	0
111	\N	2011-07-20 10:45:25.753	2011-07-20 10:45:25.753	25	166d	0
112	\N	2011-11-07 12:50:16.652	2011-11-07 12:50:16.652	26	1d	0
113	\N	2012-04-16 10:36:43.965	2012-04-16 10:39:00.529	11	21a	0
114	\N	2012-04-16 10:36:56.064	2012-04-16 10:39:23.056	11	21b	0
115	\N	2012-04-16 10:37:07.769	2012-04-16 10:39:37.017	11	22b	0
116	\N	2012-10-18 15:03:37.733	2012-10-18 15:03:37.733	27	71d	0
117	\N	2013-05-10 13:37:42.191	2013-05-10 13:38:01.965	4	98d	0
14	\N	2009-11-04 17:22:17.434	2013-05-10 13:38:20.616	4	99d	0
118	\N	2014-03-06 10:16:55.601	2014-03-06 10:16:55.601	28	24d	0
124	\N	2015-12-18 13:35:07.145794	2015-12-18 13:35:07.145794	29	7D	0
126	\N	2016-07-12 13:54:28.226727	2016-07-12 13:54:28.226727	26	2d	0
127	\N	2016-07-12 13:54:28.228607	2016-07-12 13:54:28.228607	26	3d	0
128	\N	2016-07-12 13:54:28.230223	2016-07-12 13:54:28.230223	26	163d	0
129	\N	2016-07-12 13:54:28.231788	2016-07-12 13:54:28.231788	26	164d	0
130	\N	2016-07-12 13:54:28.233379	2016-07-12 13:54:28.233379	26	121d	0
131	\N	2016-07-12 13:54:28.234841	2016-07-12 13:54:28.234841	26	122d	0
132	\N	2017-01-27 14:02:39.239361	2017-01-27 14:02:39.239361	30	157D	0
133	\N	2017-01-30 08:57:35.90785	2017-01-30 08:57:35.90785	30	120D	0
134	\N	2018-01-22 13:58:30.416996	2018-01-22 13:58:30.416996	13	81d	0
135	\N	2018-01-31 09:15:56.355609	2018-01-31 09:15:56.355609	8	65d	0
136	\N	2018-02-08 08:43:13.438874	2018-02-08 08:43:13.438874	31	184D	0
137	\N	2018-04-05 09:08:43.555884	2018-04-05 09:08:43.555884	18	59d	0
138	\N	2018-04-12 12:45:02.781336	2018-04-12 12:45:02.781336	32	54 S	0
139	\N	2019-01-07 13:47:14.453652	2019-01-07 13:47:14.453652	28	90d	0
\.


--
-- Name: location_port_id_seq; Type: SEQUENCE SET; Schema: public; Owner: postgres
--

SELECT pg_catalog.setval('location_port_id_seq', 139, true);


--
-- Data for Name: network; Type: TABLE DATA; Schema: public; Owner: postgres
--

COPY network (id, created_at, dhcp_enabled, gateway, updated_at, name, netmask, server_dns, space, start_address, dns_zone, pxefile, lock_version, default_lease_time, max_lease_time, netbios_name_servers, netbios_node_type, ntp_servers) FROM stdin;
3	2010-01-05 10:19:40.851	f	192.12.192.1	2010-11-16 15:06:39.675	rete server	255.255.255.0	192.12.192.14, 193.205.245.11	256	192.12.192.0	nic.it	\N	0	43200	86400	\N	\N	\N
4	2010-11-26 17:45:44.895	t	192.168.19.2	2010-11-26 17:45:52.54	rete storage privata	255.255.255.0	192.12.192.6,192.12.192.14	256	192.168.19.0	storage.nic.it	/pxelinux.0	0	43200	86400	\N	\N	\N
7	2014-09-09 14:29:51.534175	f	10.0.0.1	2014-09-19 05:40:10.107003	rete test	255.255.255.0	192.12.192.6, 192.12.192.14	256	10.0.0.0	prova.nic.it		6	43200	86400	\N	\N	\N
8	2014-09-16 07:33:25.826102	f	10.10.10.1	2014-09-19 05:40:24.058956	rete test 2	255.255.255.0	192.12.192.6, 192.12.192.14	256	10.10.10.0	test.nic.it		2	43200	86400	\N	\N	\N
2	2009-11-09 13:10:48.927	t	192.168.17.1	2016-03-10 14:25:00.319419	rete client interna	255.255.255.0	192.12.192.6, 192.12.192.14	256	192.168.17.0	lan.nic.it		2	3600	86400	192.12.192.57	2	\N
1	2009-11-04 13:40:56.232	t	192.12.193.1	2017-03-03 09:24:30.381123	rete client.	255.255.255.128	192.12.192.6, 192.12.192.14	128	192.12.193.0	nic.it		5	3600	86400	192.12.192.57	2	192.12.192.2
\.


--
-- Name: network_id_seq; Type: SEQUENCE SET; Schema: public; Owner: postgres
--

SELECT pg_catalog.setval('network_id_seq', 8, true);


--
-- Data for Name: operator; Type: TABLE DATA; Schema: public; Owner: postgres
--

COPY operator (id, created_at, updated_at, name, lock_version) FROM stdin;
3	2009-11-04 17:22:12.225	2009-11-04 17:22:12.225	Lorenzo Luconi Trombacchi	0
4	2009-11-04 17:22:12.244	2009-11-04 17:22:12.244	Stefano Ruberti	0
5	2009-11-04 17:22:12.262	2009-11-04 17:22:12.262	Maurizio Martinelli	0
6	2009-11-04 17:22:12.281	2009-11-04 17:22:12.281	Irma Serrecchia	0
7	2009-11-04 17:22:12.295	2009-11-04 17:22:12.295	Alice Marchetti	0
8	2009-11-04 17:22:12.314	2009-11-04 17:22:12.314	Arianna Del Soldato	0
9	2009-11-04 17:22:12.332	2009-11-04 17:22:12.332	Sonia Prignoli	0
10	2009-11-04 17:22:12.347	2009-11-04 17:22:12.347	Mario Loffredo	0
11	2009-11-04 17:22:12.362	2009-11-04 17:22:12.362	Francesco Marra	0
12	2009-11-04 17:22:12.378	2009-11-04 17:22:12.378	Fabio Benedetti	0
14	2009-11-04 17:22:12.41	2009-11-04 17:22:12.41	Francesca Nicolini	0
15	2009-11-04 17:22:12.428	2009-11-04 17:22:12.428	Stefania Fabbri	0
16	2009-11-04 17:22:12.45	2009-11-04 17:22:12.45	Beatrice Lami	0
17	2009-11-04 17:22:12.468	2009-11-04 17:22:12.468	Claudia Mazzanti	0
19	2009-11-04 17:22:12.499	2009-11-04 17:22:12.499	Ada De Giorgio	0
21	2009-11-04 17:22:12.531	2009-11-04 17:22:12.531	Gino Selvatici	0
24	2009-11-04 17:22:12.583	2009-11-04 17:22:12.583	Francesco Gianetti	0
25	2009-11-04 17:22:12.601	2009-11-04 17:22:12.601	Paolo Gentili	0
26	2009-11-04 17:22:12.627	2009-11-04 17:22:12.627	Manuela Moretti	0
27	2009-11-04 17:22:12.646	2009-11-04 17:22:12.646	Giorgia Bassi	0
28	2009-11-04 17:22:12.664	2009-11-04 17:22:12.664	Luca Albertario	0
29	2009-11-04 17:22:12.682	2009-11-04 17:22:12.682	Martina Tarantini	0
30	2009-11-04 17:22:12.7	2009-11-04 17:22:12.7	Stefano Monaco	0
31	2009-11-04 17:22:12.719	2009-11-04 17:22:12.719	Paolo Casella	0
33	2009-11-04 17:22:12.866	2009-11-04 17:22:12.866	Sonia Sbrana	0
34	2009-11-04 17:22:12.891	2009-11-04 17:22:12.891	Dorina Gentile	0
35	2009-11-04 17:22:12.911	2009-11-04 17:22:12.911	Giulia Severino	0
37	2009-11-04 17:22:12.952	2009-11-04 17:22:12.952	Cristian Lucchesi	0
38	2009-11-04 17:22:12.983	2009-11-04 17:22:12.983	Leonardo Mariani	0
72	2009-11-04 17:22:13.6	2009-11-04 17:22:13.6	Gabbiotto1	0
73	2009-11-04 17:22:13.618	2009-11-04 17:22:13.618	Gabbiotto2	0
74	2009-11-04 17:22:13.636	2009-11-04 17:22:13.636	Gabbiotto3	0
75	2009-11-04 17:22:13.652	2009-11-04 17:22:13.652	Gabbiotto4	0
80	2009-11-04 17:22:13.732	2009-11-04 17:22:13.732	Daniele Vannozzi	0
85	2009-11-04 17:22:13.821	2009-11-04 17:22:13.821	Lorenzo Rossi	0
86	2009-11-11 13:59:01.07	2009-11-11 13:59:01.07	Luca Deri	0
93	2010-03-31 12:58:43.631	2010-03-31 12:58:43.631	Giuseppe Succurro	0
88	2010-02-01 10:24:24.171	2010-02-01 10:24:24.171	Dario Tagliaferri	0
89	2010-02-04 10:56:35.049	2010-02-04 10:56:35.049	Sistemi	0
92	2010-03-01 14:38:24.935	2010-03-01 14:38:24.935	Michela Serrecchia	0
96	2010-04-29 11:10:04.866	2010-04-29 11:10:04.866	Gabriella Raciti	0
97	2010-05-26 17:03:18.825	2010-05-26 17:03:18.825	Umberto Malvaldi	0
99	2010-07-14 10:43:30.715	2010-07-14 10:43:30.715	Pc-Lucasonia	0
100	2010-07-26 15:00:15.738	2010-07-26 15:00:15.738	Hp-Cp6015	0
103	2010-09-29 09:25:34.386	2010-10-29 09:27:55.616	Cinzia Gherarducci	1
105	2010-11-26 17:47:51.063	2010-11-26 17:47:51.063	Glusterstorage	0
109	2011-06-09 07:40:01.393	2011-06-09 07:40:01.393	Daniele Pancrazi	0
110	2011-07-26 14:10:15.072	2011-07-26 14:10:15.072	Federico Giannetti	0
65	2009-11-04 17:22:13.465	2011-09-07 15:34:59.389	Andrea Malanca	1
112	2011-11-07 10:41:15.5	2011-11-07 10:41:15.5	Andrea Vivaldi	0
113	2011-12-27 12:27:47.308	2011-12-27 12:27:47.308	Daniela Ruglioni	0
114	2012-03-02 09:45:47.392	2012-03-02 09:45:47.392	Dario Puliero	0
115	2012-07-27 11:04:23.217	2012-07-27 11:04:23.217	Martusciello Loredana	0
117	2012-09-03 15:16:32.416	2012-09-03 15:16:32.416	Luca Vasarelli	0
119	2012-12-06 07:49:50.135	2012-12-06 07:49:50.135	Silvia Giannetti	0
120	2012-12-20 12:53:17.661	2012-12-20 12:53:17.661	Francesco Donini	0
121	2013-01-15 14:03:25.653	2013-01-15 14:03:25.653	Alessandro Vanni	0
122	2013-01-15 14:22:23.395	2013-01-15 14:22:23.395	Genny Di Maria	0
123	2013-03-04 09:54:10.837	2013-03-04 09:54:10.837	Chiara Spinelli	0
124	2013-03-29 11:13:28.016	2013-03-29 11:13:28.016	Stefano Cicero	0
125	2013-11-04 09:50:46.519	2013-11-04 09:50:46.519	Antonio Mallia	0
126	2013-11-04 09:51:03.772	2013-11-04 09:51:03.772	Loredana Sideri	0
127	2014-01-20 10:40:51.559	2014-01-20 10:40:51.559	Roberto Ravazzolo	0
129	2014-01-29 10:28:13.514	2014-01-29 10:28:13.514	Pino Vasarelli	0
130	2015-06-08 09:22:46.585961	2015-06-08 09:22:46.585961	Marco Andreini	0
131	2015-06-09 08:59:56.739233	2015-06-09 08:59:56.739233	Martina Roncolini	0
132	2018-01-22 11:25:07.023643	2018-01-22 11:25:07.023643	Valentina Amenta	0
133	2018-01-31 14:54:57.041235	2018-01-31 14:54:57.041235	Elia Porciani	0
135	2018-03-20 14:30:36.658119	2018-03-20 14:30:42.076741	Antonella Rabozzi	1
136	2018-04-12 12:42:16.414377	2018-04-12 12:42:16.414377	Angelica Marotta	0
116	2012-08-06 15:48:14.253	2018-08-30 12:19:48.188306	 Gian Mario Scanu	2
\.


--
-- Name: operator_id_seq; Type: SEQUENCE SET; Schema: public; Owner: postgres
--

SELECT pg_catalog.setval('operator_id_seq', 136, true);


--
-- Data for Name: registration_code; Type: TABLE DATA; Schema: public; Owner: postgres
--

COPY registration_code (id, created_at, token, username, lock_version) FROM stdin;
\.


--
-- Name: registration_code_id_seq; Type: SEQUENCE SET; Schema: public; Owner: postgres
--

SELECT pg_catalog.setval('registration_code_id_seq', 1, false);


--
-- Data for Name: roles; Type: TABLE DATA; Schema: public; Owner: postgres
--

COPY roles (id, name, created_at, updated_at) FROM stdin;
1	Administrator	2014-09-03 16:46:15.652302	2014-09-03 16:46:15.652302
2	Operator	2014-09-03 16:46:15.657413	2014-09-03 16:46:15.657413
3	Staff	2014-09-03 16:46:15.659298	2014-09-03 16:46:15.659298
\.


--
-- Name: roles_id_seq; Type: SEQUENCE SET; Schema: public; Owner: postgres
--

SELECT pg_catalog.setval('roles_id_seq', 3, true);


--
-- Data for Name: roles_users; Type: TABLE DATA; Schema: public; Owner: postgres
--

COPY roles_users (role_id, user_id) FROM stdin;
1	1
1	2
1	1
1	2
1	3
1	4
\.


--
-- Data for Name: schema_migrations; Type: TABLE DATA; Schema: public; Owner: postgres
--

COPY schema_migrations (version) FROM stdin;
20140903140646
20140903140647
20140903152313
20140903152326
20140903163232
20140911060604
20141201104621
20141201151444
20141223151221
20170303091227
\.


--
-- Data for Name: users; Type: TABLE DATA; Schema: public; Owner: postgres
--

COPY users (id, email, encrypted_password, reset_password_token, reset_password_sent_at, remember_created_at, sign_in_count, current_sign_in_at, last_sign_in_at, current_sign_in_ip, last_sign_in_ip, created_at, updated_at, name) FROM stdin;
2	sysadmin@iit.cnr.it	$2a$10$sYcPCBitT6Xx2YfGIQJOAuabxMk/TGkQ/Zh1iPFQZmkvT91BkPmwm	\N	\N	\N	79	2017-11-13 10:28:20.338967	2017-11-08 14:59:56.312143	192.12.193.32	192.12.193.32	2014-09-19 10:29:59.194011	2017-11-13 10:28:20.339546	SysAdmin
1	stefano.ruberti@iit.cnr.it	$2a$10$kjnf.IrbItZ75urw5DcrluXbhlCImT5IxmCmyNOZSoZ1hcWRVQpzG	\N	\N	\N	114	2019-01-22 14:29:13.266589	2019-01-18 08:50:53.050569	192.12.193.83	192.12.193.83	2014-09-03 16:46:15.744806	2019-01-22 14:29:13.26799	
3	dario.puliero@iit.cnr.it	$2a$10$KCZvhHh60askLFl25sxQ2uXk56IPe9WVz9sTDxYIfOtLpU5AtbpCy	\N	\N	\N	29	2019-02-01 17:00:27.249805	2019-01-24 11:36:22.108278	192.12.193.27	192.12.193.27	2017-08-11 08:30:44.486458	2019-02-01 17:00:27.251185	Dario Puliero
4	luca.vasarelli@iit.cnr.it	$2a$10$P3JEqrIngYornkKhj1IHKuPpH23n0kPtUJ2JohLVciQwAFLX3Fwgy	\N	\N	2018-09-24 14:19:44.798721	23	2019-02-11 11:10:21.461575	2019-02-07 11:21:51.824495	192.12.193.39	192.12.193.39	2018-06-26 09:58:08.650835	2019-02-11 11:10:21.462985	Luca Vasarelli
\.


--
-- Name: users_id_seq; Type: SEQUENCE SET; Schema: public; Owner: postgres
--

SELECT pg_catalog.setval('users_id_seq', 4, true);


--
-- Name: address_pkey; Type: CONSTRAINT; Schema: public; Owner: postgres
--

ALTER TABLE ONLY address
    ADD CONSTRAINT address_pkey PRIMARY KEY (id);


--
-- Name: assigned_address_pkey; Type: CONSTRAINT; Schema: public; Owner: postgres
--

ALTER TABLE ONLY assigned_address
    ADD CONSTRAINT assigned_address_pkey PRIMARY KEY (id);


--
-- Name: collector_pkey; Type: CONSTRAINT; Schema: public; Owner: postgres
--

ALTER TABLE ONLY collector
    ADD CONSTRAINT collector_pkey PRIMARY KEY (id);


--
-- Name: collector_port_pkey; Type: CONSTRAINT; Schema: public; Owner: postgres
--

ALTER TABLE ONLY collector_port
    ADD CONSTRAINT collector_port_pkey PRIMARY KEY (id);


--
-- Name: hardware_pkey; Type: CONSTRAINT; Schema: public; Owner: postgres
--

ALTER TABLE ONLY hardware
    ADD CONSTRAINT hardware_pkey PRIMARY KEY (id);


--
-- Name: location_pkey; Type: CONSTRAINT; Schema: public; Owner: postgres
--

ALTER TABLE ONLY location
    ADD CONSTRAINT location_pkey PRIMARY KEY (id);


--
-- Name: location_port_pkey; Type: CONSTRAINT; Schema: public; Owner: postgres
--

ALTER TABLE ONLY location_port
    ADD CONSTRAINT location_port_pkey PRIMARY KEY (id);


--
-- Name: network_pkey; Type: CONSTRAINT; Schema: public; Owner: postgres
--

ALTER TABLE ONLY network
    ADD CONSTRAINT network_pkey PRIMARY KEY (id);


--
-- Name: operator_pkey; Type: CONSTRAINT; Schema: public; Owner: postgres
--

ALTER TABLE ONLY operator
    ADD CONSTRAINT operator_pkey PRIMARY KEY (id);


--
-- Name: registration_code_pkey; Type: CONSTRAINT; Schema: public; Owner: postgres
--

ALTER TABLE ONLY registration_code
    ADD CONSTRAINT registration_code_pkey PRIMARY KEY (id);


--
-- Name: roles_pkey; Type: CONSTRAINT; Schema: public; Owner: postgres
--

ALTER TABLE ONLY roles
    ADD CONSTRAINT roles_pkey PRIMARY KEY (id);


--
-- Name: users_pkey; Type: CONSTRAINT; Schema: public; Owner: postgres
--

ALTER TABLE ONLY users
    ADD CONSTRAINT users_pkey PRIMARY KEY (id);


--
-- Name: index_users_on_email; Type: INDEX; Schema: public; Owner: postgres
--

CREATE UNIQUE INDEX index_users_on_email ON users USING btree (email);


--
-- Name: index_users_on_reset_password_token; Type: INDEX; Schema: public; Owner: postgres
--

CREATE UNIQUE INDEX index_users_on_reset_password_token ON users USING btree (reset_password_token);


--
-- Name: unique_schema_migrations; Type: INDEX; Schema: public; Owner: postgres
--

CREATE UNIQUE INDEX unique_schema_migrations ON schema_migrations USING btree (version);


--
-- Name: SCHEMA public; Type: ACL; Schema: -; Owner: postgres
--

REVOKE ALL ON SCHEMA public FROM PUBLIC;
REVOKE ALL ON SCHEMA public FROM postgres;
GRANT ALL ON SCHEMA public TO postgres;
GRANT ALL ON SCHEMA public TO postgres;
GRANT ALL ON SCHEMA public TO PUBLIC;


--
-- PostgreSQL database dump complete
--

